File Name,Year,Month,Day,5,6,7,8,9,10,11,12,13,14,15,16,17,18,19,20,21,22,23,0,1,Weather,Transcriber comments
Amherstburg_UKN-501_Forts_1850-12-1851-01_OBS-F,1851,January,1,,,,,,,,,,,24,,,,,,,21,22,,,clear + wind W by N,
Amherstburg_UKN-501_Forts_1850-12-1851-01_OBS-F,1851,January,2,,,,,,,,27,28,29,,,,,,,,26,,,,[illegible] + wind W,
Amherstburg_UKN-501_Forts_1850-12-1851-01_OBS-F,1851,January,3,,,,,,,,,,28,,,,30,,,,28,,,,overcast + wind W by N,
Amherstburg_UKN-501_Forts_1850-12-1851-01_OBS-F,1851,January,4,,,,,28,,,,,,,,,26,,,,14,,,,clear + air E by N,
Amherstburg_UKN-501_Forts_1850-12-1851-01_OBS-F,1851,January,5,,,,,,,,,32,,,34,,,,,,23,,,,clear + wind E by N,
Amherstburg_UKN-501_Forts_1850-12-1851-01_OBS-F,1851,January,6,,,,18,,,,35,,,,,,,,,,25,,,,clear + calm,
Amherstburg_UKN-501_Forts_1850-12-1851-01_OBS-F,1851,January,7,,,,,,,35,,36,,,,,,32,,,32,,,,overcast + wind S,
Amherstburg_UKN-501_Forts_1850-12-1851-01_OBS-F,1851,January,8,,,,,,,,,37,35,,,,,,,,37,,,,overcast + wind S [illegible],
Amherstburg_UKN-501_Forts_1850-12-1851-01_OBS-F,1851,January,9,,,,,,,,,44,,,,,,,,,35,,,,overcast + a gale W by S,
Amherstburg_UKN-501_Forts_1850-12-1851-01_OBS-F,1851,January,10,,,,,,,,,34,,,,,,,,,29,,,,overcast + wind W ,
Amherstburg_UKN-501_Forts_1850-12-1851-01_OBS-F,1851,January,11,,,,,,32,,,,,,,,,,,,33,,,,cloudy + wind SW,
Amherstburg_UKN-501_Forts_1850-12-1851-01_OBS-F,1851,January,12,,,,,,,,,,,,34,,,,,,31,,,,overcast + wind W by S,
Amherstburg_UKN-501_Forts_1850-12-1851-01_OBS-F,1851,January,13,,,,,,,,,,,,,,,,,,32,,,,,
Amherstburg_UKN-501_Forts_1850-12-1851-01_OBS-F,1851,January,14,,,,,,,,,,,,43,,,,,,35,,,,[illegible] clear + wind S [illegible],
Amherstburg_UKN-501_Forts_1850-12-1851-01_OBS-F,1851,January,15,,,,,,,,,,,43,,,36,,,,34,,,,"heavy rain since 4 oclock PM, [brough] round the moon, wind NE",
Amherstburg_UKN-501_Forts_1850-12-1851-01_OBS-F,1851,January,16,,,,38,,,,,,44,,48,,,,40,,31,,,,overcast + wind W blowing hard ,
Amherstburg_UKN-501_Forts_1850-12-1851-01_OBS-F,1851,January,17,,,15,,,,,20,,,,17,13,11,,,,,9,,,clear + wind W [illegible],
Amherstburg_UKN-501_Forts_1850-12-1851-01_OBS-F,1851,January,18,,,5,,,,,,10.5,,,,10,9,6.5,6,,3,,,,clear + wind W by S (river closed),
Amherstburg_UKN-501_Forts_1850-12-1851-01_OBS-F,1851,January,19,,,,15,,20,,,25,,,,31,,,,,21,,,,overcast + wind S,
Amherstburg_UKN-501_Forts_1850-12-1851-01_OBS-F,1851,January,20,,,,,,,,,,,,,31,,,,,16,,,,clear + wind W by S,
Amherstburg_UKN-501_Forts_1850-12-1851-01_OBS-F,1851,January,21,,,,,,,,,,,,,38,,,,,36,,,,overcast + wind SE,
Amherstburg_UKN-501_Forts_1850-12-1851-01_OBS-F,1851,January,22,,,,,,,43,,,,,,,,,,,34,,,,clear + wind W by S,
Amherstburg_UKN-501_Forts_1850-12-1851-01_OBS-F,1851,January,23,,,27,,,,,,,,42,,,,,,,37,,,,overcast + wind W by S,
Amherstburg_UKN-501_Forts_1850-12-1851-01_OBS-F,1851,January,24,,,,39,,,,39,,,,,,,,,,31,,,,clear + wind W by S,
Amherstburg_UKN-501_Forts_1850-12-1851-01_OBS-F,1851,January,25,,,,,,,,,,45,,,,,,,,41,,,,clear + wind S,
Amherstburg_UKN-501_Forts_1850-12-1851-01_OBS-F,1851,January,26,,,,,,,41,,,,42,,,,,,,31,,,,overcast + wind NW,
Amherstburg_UKN-501_Forts_1850-12-1851-01_OBS-F,1851,January,27,,,,,,,,,,,,,,31,,,,27,,,,"overcast + wind E, look like snow",
Amherstburg_UKN-501_Forts_1850-12-1851-01_OBS-F,1851,January,28,,,,,,,,,,,39,,,,,,,32,,,,"overcast, [thunder] SW, rainy all day and at 1/2 10 [illegible] snowing",
Amherstburg_UKN-501_Forts_1850-12-1851-01_OBS-F,1851,January,29,,,12,,,,,,13,,,,,9,8,,,5,,,,[illegible] wind NW all day + some snow squalls,
Amherstburg_UKN-501_Forts_1850-12-1851-01_OBS-F,1851,January,30,,,0/2,,,,6,,,12,,,12,,,,,9,,,,overcast + wind N +[illegible] like snow,
Amherstburg_UKN-501_Forts_1850-12-1851-01_OBS-F,1851,January,31,,,0,,,10,,,12,,,,,,,,,12,,,,hazy + clear + wind E,
Amherstburg_UKN-501_Forts_1851-02-03_OBS-F,1851,February,1,,,15,16,,,,,,,26,25,,,,,,26,,,,overcast + wind S 3inches snow,
Amherstburg_UKN-501_Forts_1851-02-03_OBS-F,1851,February,2,,,,,,,,,31,,,30,,,,,,28,,,,,
Amherstburg_UKN-501_Forts_1851-02-03_OBS-F,1851,February,3,,,,,,34,,,,,,30,,,,,,25,,,,hazy clear + S wind,
Amherstburg_UKN-501_Forts_1851-02-03_OBS-F,1851,February,4,,,,28,,,,,,,,,,,,,,32,,,,overcast + wind E,
Amherstburg_UKN-501_Forts_1851-02-03_OBS-F,1851,February,5,,,,34,,,,,,,,34,,,,,,26,,,,snowing all evening + [abu] NW,
Amherstburg_UKN-501_Forts_1851-02-03_OBS-F,1851,February,6,,,17,,,,,,,,,,,,,,,,25,,,overcast + wind S,
Amherstburg_UKN-501_Forts_1851-02-03_OBS-F,1851,February,7,,,30,,31,,,,35,,,,,24,,,,,20,,,cloudy + wind E,
Amherstburg_UKN-501_Forts_1851-02-03_OBS-F,1851,February,8,,,18,,,,,,,,,,,,,,,24.5,,,,"overcast + wind E by S, raining sleet",
Amherstburg_UKN-501_Forts_1851-02-03_OBS-F,1851,February,9,,,,,,,39,,,,,39,,,,,,,,,,30 rainy hard since 4pm + wind E,
Amherstburg_UKN-501_Forts_1851-02-03_OBS-F,1851,February,10,,,32,,,,,,,,,,,28,,,,25,,,,"heavy rain till 4 oclock PM, [illegible] sleet N",
Amherstburg_UKN-501_Forts_1851-02-03_OBS-F,1851,February,11,,,19,,,,,,,,,,,,,,,21,,,,snowing a little all day + wind W by S,
Amherstburg_UKN-501_Forts_1851-02-03_OBS-F,1851,February,12,,,28,32,,,,,,,,retracted,,,,,,31,,,,clear + wind SE,
Amherstburg_UKN-501_Forts_1851-02-03_OBS-F,1851,February,13,,,,,,,,,,,,,39,,,,,39,,,,raining since 4pm + wind S,
Amherstburg_UKN-501_Forts_1851-02-03_OBS-F,1851,February,14,,,,,,,,,49,,,,,,,,,48,,,,cloudy all day + some rain wind SE,
Amherstburg_UKN-501_Forts_1851-02-03_OBS-F,1851,February,15,,,40,,,,,40,35,,33,29,,,,,,24,,,,overcast + wind high + W,
Amherstburg_UKN-501_Forts_1851-02-03_OBS-F,1851,February,16,,,,22,,,24,,,25,,,,,,,,18,,,,clear + wind ESE,
Amherstburg_UKN-501_Forts_1851-02-03_OBS-F,1851,February,17,,,20,25,,28,,,,,,36,,,,33,,32,,,,overcast + wind SW,
Amherstburg_UKN-501_Forts_1851-02-03_OBS-F,1851,February,18,,,,,,,,,,,,,,,,,,23,,,,"clear + call N, northern lights bright + [illegible]",
Amherstburg_UKN-501_Forts_1851-02-03_OBS-F,1851,February,19,,,30,,,,,,,49,,,48,47,,,,41,,,,overcast heavy rain wind S,
Amherstburg_UKN-501_Forts_1851-02-03_OBS-F,1851,February,20,,,43,,,,,,,,,,,,,,,36,,,,rain since last night [illegible] + raining little,
Amherstburg_UKN-501_Forts_1851-02-03_OBS-F,1851,February,21,,,36,,,,,,,,,,,42,,,,34,,,,rain mostly all day + wind S,
Amherstburg_UKN-501_Forts_1851-02-03_OBS-F,1851,February,22,,,33,,,,,,,,,,,,,,,37,,,,clear + calm,
Amherstburg_UKN-501_Forts_1851-02-03_OBS-F,1851,February,23,,,,,,,,,,,,,,,47,,,49,,,,wind SE E rainnig 10pm,
Amherstburg_UKN-501_Forts_1851-02-03_OBS-F,1851,February,24,,,,,48,,,,,,,,,,,,31,32,,,,clear + air NW,
Amherstburg_UKN-501_Forts_1851-02-03_OBS-F,1851,February,25,,,26,,,,,,,,,,,,,,,36,,,,clear + wind E,
Amherstburg_UKN-501_Forts_1851-02-03_OBS-F,1851,February,26,,,,,,44,,,,,,,,,,,,44,,,,raining + wind calm,
Amherstburg_UKN-501_Forts_1851-02-03_OBS-F,1851,February,27,,,41,,,,,,,,40,,,,,,,28,,,,wind E by N + snowing,
Amherstburg_UKN-501_Forts_1851-02-03_OBS-F,1851,February,28,,,,25,,,,,,29,,,,23,,,20,20,,,,"snow last night, clear + wind N",
Amherstburg_UKN-501_Forts_1851-02-03_OBS-F,1851,March,1,,,24,,,28,30,,,,36,,,,,,35,36,,,,partly clear + wind SW,
Amherstburg_UKN-501_Forts_1851-02-03_OBS-F,1851,March,2,,,,28,29,,,,35,,,,,,,,,19,,,,clear + wind NW ,
Amherstburg_UKN-501_Forts_1851-02-03_OBS-F,1851,March,3,,,18,,,,,,,,,57,,,,,,28,,,,overcast + wind NW,
Amherstburg_UKN-501_Forts_1851-02-03_OBS-F,1851,March,4,,,,,,,,,46,,,,,,,,,35,,,,overcast + wind last night drizzle,
Amherstburg_UKN-501_Forts_1851-02-03_OBS-F,1851,March,5,,,31,,,,,,,,,,,,,,,33,,,,raining all evening + wind W,
Amherstburg_UKN-501_Forts_1851-02-03_OBS-F,1851,March,6,,,,,,,,,,,,,,,,,,27,,,,clear + wind NW ,
Amherstburg_UKN-501_Forts_1851-02-03_OBS-F,1851,March,7,,,22,,,,,,,,,,,,,,30,29,,,,clear + wind NE,
Amherstburg_UKN-501_Forts_1851-02-03_OBS-F,1851,March,8,,,28,30,,,,,,,,,,,,,,30,,,,"cloudy + wind NW, snowing more than all day",
Amherstburg_UKN-501_Forts_1851-02-03_OBS-F,1851,March,9,,,,35,,38,,,,,,,,,,,,34,,,,overcast + wind W snowing 6,
Amherstburg_UKN-501_Forts_1851-02-03_OBS-F,1851,March,10,,,25,,,,,,,,,,,,,,,37,,,,overcast + wind W,
Amherstburg_UKN-501_Forts_1851-02-03_OBS-F,1851,March,11,,,36,,,,,,,,,,,45,,,,37,,,,clear + wind E,
Amherstburg_UKN-501_Forts_1851-02-03_OBS-F,1851,March,12,,,29,,,,,,,,,,,,,,,37,,,,clear + wind SW,
Amherstburg_UKN-501_Forts_1851-02-03_OBS-F,1851,March,13,,,35,,,,,,,,,,,,,,,40,,,,clear + wind NE,
Amherstburg_UKN-501_Forts_1851-03-04_OBS-F,1851,March,14,,,40,,,,,,,58,,,,,,,,48,,,,overcast + wind SE,
Amherstburg_UKN-501_Forts_1851-03-04_OBS-F,1851,March,15,,,48,,,,54,,,,59,,,,,,,48,,,,cloudy + wind SW,
Amherstburg_UKN-501_Forts_1851-03-04_OBS-F,1851,March,16,,,,,,,,,,,,,,,,,,44,,,,raining hard since 9pm [illegible] all day + wind NW,
Amherstburg_UKN-501_Forts_1851-03-04_OBS-F,1851,March,17,,,49,,,,,,,,,38,,,,,,36,,,,wind S by W + rainy for 24hours,
Amherstburg_UKN-501_Forts_1851-03-04_OBS-F,1851,March,18,,,34,,,,,,,,,,35,,,,,,33,,,cloudy + wind N,
Amherstburg_UKN-501_Forts_1851-03-04_OBS-F,1851,March,19,,,30,,,,,,,,,,34,,,,,27,,,,clear + wind NE,
Amherstburg_UKN-501_Forts_1851-03-04_OBS-F,1851,March,20,,,25,,,35,,,,,,,,,,,,,,,,,
Amherstburg_UKN-501_Forts_1851-03-04_OBS-F,1851,March,21,,,33,,,,,,,,,,,44,,,,38,,,,,
Amherstburg_UKN-501_Forts_1851-03-04_OBS-F,1851,March,22,,,32,,,,,,,,,,,,,,,38,,,,partly overcast + wind E,
Amherstburg_UKN-501_Forts_1851-03-04_OBS-F,1851,March,23,,,33,,,,,,48,,,,,48,,,,47,,,,overcast + calm,
Amherstburg_UKN-501_Forts_1851-03-04_OBS-F,1851,March,24,,,34,,,,,,,,,,,,,,,39,,,,clear + wind NE,
Amherstburg_UKN-501_Forts_1851-03-04_OBS-F,1851,March,25,,,40,,,,48,,,,,,,46,,,,39,,,,clear + wind E by N,
Amherstburg_UKN-501_Forts_1851-03-04_OBS-F,1851,March,26,,,49,,,,,,,,,,,53,,,,49,,,,[illegible] clear + wind SE,
Amherstburg_UKN-501_Forts_1851-03-04_OBS-F,1851,March,27,,,48,,,,,54,,,,,,,,,,47,,,,overcast + light shower at 4oclock SW,
Amherstburg_UKN-501_Forts_1851-03-04_OBS-F,1851,March,28,,,36,,,,,,,,,,,40,,,,,35,,,clear + air E,
Amherstburg_UKN-501_Forts_1851-03-04_OBS-F,1851,March,29,,,40,,,,,,52,,,,,60,,,,58,,,,[illegible] clear + wind S,
Amherstburg_UKN-501_Forts_1851-03-04_OBS-F,1851,March,30,,,59,,,,,,,,,,,retracted,,,,57,,,,raining hard + wind W lightning all evening ,
Amherstburg_UKN-501_Forts_1851-03-04_OBS-F,1851,March,31,,,39,,51,,,,50,,,,,,,,,36,,,,clear + wind N by E,
Amherstburg_UKN-501_Forts_1851-03-04_OBS-F,1851,April,1,,,30,,,,55,,,,,,,50,,,,49,,,,"overcast + calm, raining a little 9pm",
Amherstburg_UKN-501_Forts_1851-03-04_OBS-F,1851,April,2,,,45,,,,,,,,,,,,,,,46,,,,clear + wind W,
Amherstburg_UKN-501_Forts_1851-03-04_OBS-F,1851,April,3,,,41,,,,,,,52,,,,,,,,45,,,,"clear + wind W by S, a gale all day",
Amherstburg_UKN-501_Forts_1851-03-04_OBS-F,1851,April,4,,,38,,,,,,38,,,,38,,,,36,,35,,,"wind NE, raining for 2hours",
Amherstburg_UKN-501_Forts_1851-03-04_OBS-F,1851,April,5,,,35,,,,,,,,,,,45,,,,42,,,,"heavy rain all last night and frequent, hazy rains thunder + high wind all  day [illegible] higher than [illegible] for 12 years, wind E + wind to SW ",
Amherstburg_UKN-501_Forts_1851-03-04_OBS-F,1851,April,6,,,37,,38,,,,,,,,,,,,,,,,,,
Amherstburg_UKN-501_Forts_1851-03-04_OBS-F,1851,April,7,,,36,36,,47,47,47,48,48,48,48,48,48,48,48,48,35,,,,clear + wind N by E,
Amherstburg_UKN-501_Forts_1851-03-04_OBS-F,1851,April,8,,,47,,,,,,,,,,,,,,,47,,,,overcast + wind E by S,
Amherstburg_UKN-501_Forts_1851-03-04_OBS-F,1851,April,9,,,45,,,,,48,,,,,,,,,,35,,,,clear + wind W by S,
Amherstburg_UKN-501_Forts_1851-03-04_OBS-F,1851,April,10,,,32,,,,,,,,,,,49,,,,49,,,,partly cloudy + wind W by S,
Amherstburg_UKN-501_Forts_1851-03-04_OBS-F,1851,April,10,,,44,,,,,,,,50,,,,,,,36,,,,clear + wind NE,
Amherstburg_UKN-501_Forts_1851-03-04_OBS-F,1851,April,11,,,30,,,,,,,,43,,,,,,,33,,,,clear + wind N,
Amherstburg_UKN-501_Forts_1851-03-04_OBS-F,1851,April,12,,,29,,,,,,42,,,,,,,,,38,,,,overcast + wind E by S,
Amherstburg_UKN-501_Forts_1851-03-04_OBS-F,1851,April,13,,,,41,,42,,,,,,,,,,,,36,,,,wind NE raining heavy since midday,
Amherstburg_UKN-501_Forts_1851-03-04_OBS-F,1851,April,14,,,36,,,,,,,,,,,43,,,,36,,,,clear + wind NW,
Amherstburg_UKN-501_Forts_1851-03-04_OBS-F,1851,April,15,,,30,,,,,,,,,,,,,,,36,,,,clear + wind NW,
Amherstburg_UKN-501_Forts_1851-03-04_OBS-F,1851,April,16,,,42,45,,,,,,,,,,44,,,,43,,,,overcast + wind W NE,
Amherstburg_UKN-501_Forts_1851-03-04_OBS-F,1851,April,17,,"""",44,,,,,,,,,,,,,,,,46,,,partly cloudy + wind NW,"observations began with """
Amherstburg_UKN-501_Forts_1851-03-04_OBS-F,1851,April,18,,,43,,,,,,,,,,,,,,,,44,,,rainy hard,
Amherstburg_UKN-501_Forts_1851-03-04_OBS-F,1851,April,19,,,47,,,,,,45,,,,,43,,,,43,,,,heavy wind N by W,
Amherstburg_UKN-501_Forts_1851-03-04_OBS-F,1851,April,20,,,,,,44,,,48,,,,,40,,,,36,,,,"raining since 6pm, wind W by N",
Amherstburg_UKN-501_Forts_1851-03-04_OBS-F,1851,April,21,,,,,40,,,,,,,,,,,,,,,,,,
Amherstburg_UKN-501_Forts_1851-04-05_OBS-F,1851,April,22,,,,,,,,,,,,,,54,,,,,46,,,clear + air S,
Amherstburg_UKN-501_Forts_1851-04-05_OBS-F,1851,April,23,,,,,,,,,,,,,,59,,,,,50,,,[illegible] clear + wind S,
Amherstburg_UKN-501_Forts_1851-04-05_OBS-F,1851,April,24,,,50,,,,,,,66,,,,61,,,,49,retracted,,,clear + calm,
Amherstburg_UKN-501_Forts_1851-04-05_OBS-F,1851,April,25,,47,,54,,,,,,,,,,,,,,53,,,,[illegible] clear + wind S,
Amherstburg_UKN-501_Forts_1851-04-05_OBS-F,1851,April,26,,,51,,,,,,63,,,,,,,,,57,,,,cloudy squall with rain + wind W ,
Amherstburg_UKN-501_Forts_1851-04-05_OBS-F,1851,April,27,,,,,,,,,,,,,,50,,,,43,,,,squally + wind NW,
Amherstburg_UKN-501_Forts_1851-04-05_OBS-F,1851,April,28,,,45,,,,,,,,,52,,,,,,45,,,,overcast + calm,
Amherstburg_UKN-501_Forts_1851-04-05_OBS-F,1851,April,29,,43,,48,,,,,,,,,,,,,,53,,,,raining since 8pm + wind W,
Amherstburg_UKN-501_Forts_1851-04-05_OBS-F,1851,April,30,,,42,,,,,,,,,,,,,,,41,,,,"clear wind SE, cold for the [season]",
Amherstburg_UKN-501_Forts_1851-04-05_OBS-F,1851,May,1,,,36,,38,41,,,41,,,,,,,,,36,,,,"clear + wind W by N, heavy wind all day Aurora Borealis",
Amherstburg_UKN-501_Forts_1851-04-05_OBS-F,1851,May,2,,,34,,,,,,,,,,,,,,,38,,,,"clear + wnd NW, cold for season",
Amherstburg_UKN-501_Forts_1851-04-05_OBS-F,1851,May,3,,,41,,,,49,,53,,,,,,,,,49,,,,[illegible] clear + wind NW,
Amherstburg_UKN-501_Forts_1851-04-05_OBS-F,1851,May,4,,,,,,,,,,,,,,,,,,37,,,,clear + wind N,
Amherstburg_UKN-501_Forts_1851-04-05_OBS-F,1851,May,5,,,36,,,,51,,,,,,,,,,,38,,,,clear + wind NE,
Amherstburg_UKN-501_Forts_1851-04-05_OBS-F,1851,May,6,,,41,,,,,,,,,,,,,,,40,,,,clear + wind SW,
Amherstburg_UKN-501_Forts_1851-04-05_OBS-F,1851,May,7,,,41,46,58,,,60,59,,,61,,58,,,46,43,,,,clear + wind SE,
Amherstburg_UKN-501_Forts_1851-04-05_OBS-F,1851,May,8,,,54,,,,65,,,63,,,,64,,60,,56,,,,"cloudy raining a few drops, wind W by N",
Amherstburg_UKN-501_Forts_1851-04-05_OBS-F,1851,May,9,,,55,,,,,,,,72,,,,,63,,,53,,,clear + wind NW,
Amherstburg_UKN-501_Forts_1851-04-05_OBS-F,1851,May,10,,,51,59,,,70,70,,,79,,,,64,,,,60,,,clear + wind S,
Amherstburg_UKN-501_Forts_1851-04-05_OBS-F,1851,May,11,,,,,,68,,,,,,,,70,,,,64,,,,overcast + air + much lightning S,
Amherstburg_UKN-501_Forts_1851-04-05_OBS-F,1851,May,12,,,65,,,,,,79,,,,,,,66,,,61,,,"overcast + wind SW, a thunder storm midday, lightning S; [illegible] in 5th [street] much thunder and rain all evening",
Amherstburg_UKN-501_Forts_1851-04-05_OBS-F,1851,May,13,,,61,62,,65,,,,,,,,,,,,53,,,,overcast + wind NW,
Amherstburg_UKN-501_Forts_1851-04-05_OBS-F,1851,May,14,,,,,,,,,,,,,,,,57,,,47,,,partly cloudy + wind SE,
Amherstburg_UKN-501_Forts_1851-04-05_OBS-F,1851,May,15,,,57,,,,,,65,,,,,,58,,,55,,,,overcast + wind SE,
Amherstburg_UKN-501_Forts_1851-04-05_OBS-F,1851,May,16,,,61,65,,,75,,,,72,,,69,,,,67,,,,wind SE cloudy + distant thunder ,
Amherstburg_UKN-501_Forts_1851-04-05_OBS-F,1851,May,17,,,62,,,,,,,,,,56,,,,,49,,,,overcast + wind NE,
Amherstburg_UKN-501_Forts_1851-04-05_OBS-F,1851,May,18,,,51,,,63,,,,63,,,,,,,,56,,,,overcast + calm,
Amherstburg_UKN-501_Forts_1851-04-05_OBS-F,1851,May,19,,,59,,,,,,74,77,77,72,,67,,,,62,,,,overcast + wind E + much lightning -thunder with hail at 2pm + thunder squall with rain 6:30 pm,
Amherstburg_UKN-501_Forts_1851-04-05_OBS-F,1851,May,20,,,63,65,,70,,,73,,69,,,,64,,,58,,,,overcast + wind W by N,
Amherstburg_UKN-501_Forts_1851-04-05_OBS-F,1851,May,21,,,54,59,,,,,,,,63,,,,,,51,,,,overcast + calm,
Amherstburg_UKN-501_Forts_1851-04-05_OBS-F,1851,May,22,,,60,59,,,,,,,,60,,,,,,60,,,,wind SW + lightning much thunder [6:30 to 8:30 PM] ,
Amherstburg_UKN-501_Forts_1851-04-05_OBS-F,1851,May,23,,,46,,,,,,,,53,,,,,,,,45,,,clear + wind N,
Amherstburg_UKN-501_Forts_1851-04-05_OBS-F,1851,May,24,,,,,,,,,,,,,,,,54,,,43,,,clear + wind E,
Amherstburg_UKN-501_Forts_1851-04-05_OBS-F,1851,May,25,,,49,,,,67,,,,68,,,,,,,60,,,,clear + calm,
Amherstburg_UKN-501_Forts_1851-04-05_OBS-F,1851,May,26,,,65,,,,,78,,,,,,73,71,,,66,,,,partly overcast + wind S + lightning ,
Amherstburg_UKN-501_Forts_1851-04-05_OBS-F,1851,May,27,,,70,,,,73,,78,,,76,,,,66,,65,,,,"wind N, fog on the river, [illegible] can't go out + a heavy thunder squall and [illegible] at 5pm",
Amherstburg_UKN-501_Forts_1851-04-05_OBS-F,1851,May,28,,,62,61,,,,,,,,65,,,62,,,60,,,,"thunder + raining all day, wind SE",
Amherstburg_UKN-501_Forts_1851-04-05_OBS-F,1851,May,29,,,61,63,65,,,,,,,,,,,60,,59,,,,overcast + wind E ,
Amherstburg_UKN-501_Forts_1851-04-05_OBS-F,1851,May,30,,,55,,58,,,,,,64,,,,,,,52,,,,clear + wind E by N,
Amherstburg_UKN-501_Forts_1851-04-05_OBS-F,1851,May,31,,,,,,,,,,67,,,,64,,,,64,,,,cloudy + wind [illegible],
Amherstburg_UKN-501_Forts_1851-04-05_OBS-F,1851,June,1,,,,,,70,,,72,,,,74,,,,,65,,,,clear + wind W by N,
Amherstburg_UKN-501_Forts_1851-04-05_OBS-F,1851,June,2,,,51,,,69,,,69,,69,,,,,,,54,,,,clear + wind NE,
Amherstburg_UKN-501_Forts_1851-06-07_OBS-F,1851,June,3,,,53,,,,69,,69,,,,,,54,,,,52,,,"overcast + wind E, raining from 6 to 8",
Amherstburg_UKN-501_Forts_1851-06-07_OBS-F,1851,June,4,,,53,,65,,,,67,,,,64,,,,,60,,,,clear + calm,
Amherstburg_UKN-501_Forts_1851-06-07_OBS-F,1851,June,5,,,60,,,,58,,,,,,,,,58,,58,,,,cloudy + wind E by S,
Amherstburg_UKN-501_Forts_1851-06-07_OBS-F,1851,June,6,,,62,,,63,,,,69,,,68,,,,,62,,,,overcast + wind N thunder + raining often,
Amherstburg_UKN-501_Forts_1851-06-07_OBS-F,1851,June,7,,,67,,,60,,,,,,,,69,64,,,64,,,,wind S + raining a little ,
Amherstburg_UKN-501_Forts_1851-06-07_OBS-F,1851,June,8,,,,,,,,,,,64,,,,,,,61,,,,clouds flying + wind NW,
Amherstburg_UKN-501_Forts_1851-06-07_OBS-F,1851,June,9,,,56,58,64,,60,,,,,,,,,61,,57,,,,clear + wind W by N,
Amherstburg_UKN-501_Forts_1851-06-07_OBS-F,1851,June,10,,,56,,,,,,,,,69,,,,,,,64,,,cloudy + wind S,
Amherstburg_UKN-501_Forts_1851-06-07_OBS-F,1851,June,11,,,62,,,,,,,71,,,,70,,66,,62,,,,clear + cloud wind S,
Amherstburg_UKN-501_Forts_1851-06-07_OBS-F,1851,June,12,,,55,,72,,,,71,,71,,,,,,,,60,,,[illegible] clear + wind NW,
Amherstburg_UKN-501_Forts_1851-06-07_OBS-F,1851,June,13,,,56,58,,,,,68,,,,,60,,,,,54,,,clear + wind NW,
Amherstburg_UKN-501_Forts_1851-06-07_OBS-F,1851,June,14,,,54,,,,,70,,68,,,,,62,,,53,,,,[illegible] clear + wind S,
Amherstburg_UKN-501_Forts_1851-06-07_OBS-F,1851,June,15,,,58,,,,,,,,,,,,,,,59,,,,overcast + wind E,
Amherstburg_UKN-501_Forts_1851-06-07_OBS-F,1851,June,16,,,58,,,,,,,,,,,,,,,59,,,,clear + wind E,
Amherstburg_UKN-501_Forts_1851-06-07_OBS-F,1851,June,17,,,60,,,,,,,,,,,,,,,61,,,,clear + wind E,
Amherstburg_UKN-501_Forts_1851-06-07_OBS-F,1851,June,18,,,66,,,,,71,,,,74,,,,69,,65,,,,clear + wind S,
Amherstburg_UKN-501_Forts_1851-06-07_OBS-F,1851,June,19,,,68,,,,,,,,75,,,,,,,69,,,,overcast + calm,
Amherstburg_UKN-501_Forts_1851-06-07_OBS-F,1851,June,20,,,64,,,,,,,,,,,75,,,,68,,,,overcast + calm,
Amherstburg_UKN-501_Forts_1851-06-07_OBS-F,1851,June,21,,,,,,,79,,80,80,,,,75,74,79,,71,,,,overcast + wind S,
Amherstburg_UKN-501_Forts_1851-06-07_OBS-F,1851,June,22,,,,,,80,,,,,75,,,,,,,66,,,,"overcast + wind NW, thunder + rain 3 to 5pm",
Amherstburg_UKN-501_Forts_1851-06-07_OBS-F,1851,June,23,,64,,,,,,,,,66,,,,65,,,62,,,,overcast + wind W,
Amherstburg_UKN-501_Forts_1851-06-07_OBS-F,1851,June,24,,,,,,66,,,,,70,,,,,,,64,,,,clear + wind SW,
Amherstburg_UKN-501_Forts_1851-06-07_OBS-F,1851,June,25,,,,73,,,,,,,,,,,74,,,70,70,,,clear + wind E + lightning N,
Amherstburg_UKN-501_Forts_1851-06-07_OBS-F,1851,June,26,,,76,,,,,76,77,,,,,,,,66,,,,,"overcast + wind E by S, thunder squall with rain from 6 to 8pm",
Amherstburg_UKN-501_Forts_1851-06-07_OBS-F,1851,June,27,,,,,67,,,,,,,,,,78,,,64,65,,,[illegible] clear + wind S,
Amherstburg_UKN-501_Forts_1851-06-07_OBS-F,1851,June,28,,,64,,retracted,,,,82,83,84,85,81,,retracted,76,,74,retracted,,,[illegible] clear + wind S,
Amherstburg_UKN-501_Forts_1851-06-07_OBS-F,1851,June,29,,,73,,,,81,81,,,82,,,,75,69,,69,,,,"overcast + wind W, heavy thunder squall + much rain 4 to 8pm",
Amherstburg_UKN-501_Forts_1851-06-07_OBS-F,1851,June,30,,,65,,,,,,,,73,,,70,,,,,64,,,overcast + wind W by N,
Amherstburg_UKN-501_Forts_1851-06-07_OBS-F,1851,July,1,,,53,53,,62,,,65,,,,,,,,,58,,,,clear + wind S,
Amherstburg_UKN-501_Forts_1851-06-07_OBS-F,1851,July,2,,,,,,,,,,,,,,,64,,,64,,,,overcast + wind S + much lightning W a little 4pm,
Amherstburg_UKN-501_Forts_1851-06-07_OBS-F,1851,July,3,,,64,,,,,,67,,,,,,,,,59,,,,clear + wind NW,
Amherstburg_UKN-501_Forts_1851-06-07_OBS-F,1851,July,4,,,60,,,,,,72,,,,,71,,,,63,,,,clear + air NW,
Amherstburg_UKN-501_Forts_1851-06-07_OBS-F,1851,July,5,,,63,,,,80,,,,77,,,74,,,,68,,,,clear + wind S,
Amherstburg_UKN-501_Forts_1851-06-07_OBS-F,1851,July,6,,,,,,,,,,,,,,,,,,72,,,,overcast + wind SE,
Amherstburg_UKN-501_Forts_1851-06-07_OBS-F,1851,July,7,,,,,,,,,,,,72,,,70,,,66,,,,"overcast + wind S, a little rain from 7 to 9pm",
Amherstburg_UKN-501_Forts_1851-06-07_OBS-F,1851,July,8,,,,,,,,76,,,,75,,,75,,,76,,,,"overcast + wind S, a little rain from 7 to 9pm",
Amherstburg_UKN-501_Forts_1851-06-07_OBS-F,1851,July,9,,70,77,77,80,,,81,,,,,,,,,,65,,,,wind NW thunder [illegible] rain from 1 to 10pm,
Amherstburg_UKN-501_Forts_1851-06-07_OBS-F,1851,July,10,,,69,67,,,,,72,,,,,76,71,,,,63,,,cloudy + wind NW,
Amherstburg_UKN-501_Forts_1851-06-07_OBS-F,1851,July,11,,,,68,75,,,,,75,,,,,,,,69,,,,"calm, raining thunder + lightning ",
Amherstburg_UKN-501_Forts_1851-06-07_OBS-F,1851,July,12,,,65,67,,68,,,,,,,,,,72,,70,,,,"clear wind E by S, much thunder + rain all last night up to mid [forenoon]",
Amherstburg_UKN-501_Forts_1851-07-08_OBS-F,1851,July,13,,,,67,,,68,,,,,,,,70,,,66,,,,clear + wind S,
Amherstburg_UKN-501_Forts_1851-07-08_OBS-F,1851,July,14,,,,75,,,,,73,,,,,,,71,,69,,,,cloudy + wind SE,
Amherstburg_UKN-501_Forts_1851-07-08_OBS-F,1851,July,15,,,74,,,,,83,85,87,,,,83,81,,,78,,,,[illegible] clear + wind S,
Amherstburg_UKN-501_Forts_1851-07-08_OBS-F,1851,July,16,,77,,,,84,,,85,85,,,,83,,,,76,,,,clear + wind SW,
Amherstburg_UKN-501_Forts_1851-07-08_OBS-F,1851,July,17,,,,,,,,85,,retracted,86,85.5,,,,78,,75,,,,clear + wind SW,
Amherstburg_UKN-501_Forts_1851-07-08_OBS-F,1851,July,18,,69,,,78,,,80,78,,,,,,70,,,,,,,,
Amherstburg_UKN-501_Forts_1851-07-08_OBS-F,1851,July,19,,,,,,,,63,,,,66,,68,66,,,,60,,,clear + wind W,
Amherstburg_UKN-501_Forts_1851-07-08_OBS-F,1851,July,20,,,68,,,,,,,75,,76,,,,,,67,,,,clear + calm,
Amherstburg_UKN-501_Forts_1851-07-08_OBS-F,1851,July,21,,59,60,63,,77,,,,,77,,,,,,,,65,,,clear + wind W by S,
Amherstburg_UKN-501_Forts_1851-07-08_OBS-F,1851,July,22,,,66,,,76,,76,,,,80,,,,,,73,,,,partly cloudy wind S + lightning N by W,
Amherstburg_UKN-501_Forts_1851-07-08_OBS-F,1851,July,23,,,73,,,,,,,,,,,,,,,71,,,,"wind SE, raining since 8pm",
Amherstburg_UKN-501_Forts_1851-07-08_OBS-F,1851,July,24,,70,,74,,,,,,,,,84,83,79,,,72,,,,clear + calm,
Amherstburg_UKN-501_Forts_1851-07-08_OBS-F,1851,July,25,,65,76,,,,,,,84,,,,83,,,,79,,,,clear + wind W by S,
Amherstburg_UKN-501_Forts_1851-07-08_OBS-F,1851,July,26,,74,75,,,,,82,,84,,86,86.5,84,83,,80,79,,,,"very sultry during the day, wind W by N, generally clear + much distant thunder + lightning SE",
Amherstburg_UKN-501_Forts_1851-07-08_OBS-F,1851,July,27,,,,,,82,,,,84,,82,,,,,,75,,,,clear + air wind NW ,
Amherstburg_UKN-501_Forts_1851-07-08_OBS-F,1851,July,28,,,,,,,,,,,,,,,,,,66,,,,clear + wind NW,
Amherstburg_UKN-501_Forts_1851-07-08_OBS-F,1851,July,29,,,,,,,,,,,75,,76,,,,,64,,,,overcast + wind E by N,
Amherstburg_UKN-501_Forts_1851-07-08_OBS-F,1851,July,30,,,,,,,67,,,,,,,,,,,,64,,,mostly clear + wind S,
Amherstburg_UKN-501_Forts_1851-07-08_OBS-F,1851,July,31,,,63,,,,,,,,,,,75,,,,65,,,,clear + wind NW ,
Amherstburg_UKN-501_Forts_1851-07-08_OBS-F,1851,August,1,,,60,,,,,74,,,76,,,,,,,64,,,,clear + wind NE,
Amherstburg_UKN-501_Forts_1851-07-08_OBS-F,1851,August,2,,,63,,,,,,,63,63,63,63,63,63,69,,66,,,,clear + wind NW ,
Amherstburg_UKN-501_Forts_1851-07-08_OBS-F,1851,August,3,,,,,,,,80,80,,,,80,80,71,,,69,,,,"wind NW, some rain + [illegible] afternoon ",
Amherstburg_UKN-501_Forts_1851-07-08_OBS-F,1851,August,4,,66,65,,,67,,,71,,,68,,,,65,62,,65,,,clear + wind W,
Amherstburg_UKN-501_Forts_1851-07-08_OBS-F,1851,August,5,,,61,,,61,61,61,61,61,61,61,61,61,61,61,61,64,,,,clear + wind S,
Amherstburg_UKN-501_Forts_1851-07-08_OBS-F,1851,August,6,,60,68,,,,,,,,,,,,,,,75,,,,overcast + [illegible],
Amherstburg_UKN-501_Forts_1851-07-08_OBS-F,1851,August,7,,,,,,,,,80,,,80,,79,,,,71,,,,cloudy flying + wind NW,
Amherstburg_UKN-501_Forts_1851-07-08_OBS-F,1851,August,8,,,66,,,75,77,,79,,80,,,,74,,,72,,,,clear + wind SE,
Amherstburg_UKN-501_Forts_1851-07-08_OBS-F,1851,August,9,,,72,,,,,,,,74,,,,68,,,,60,,,clear + wind N,
Amherstburg_UKN-501_Forts_1851-07-08_OBS-F,1851,August,10,,,,,,,,,,,73,,,,,,,71,,,,clear + wind SE,
Amherstburg_UKN-501_Forts_1851-07-08_OBS-F,1851,August,11,,,,71,,,,,79,,81,,,,,,,,73,,,clear + wind NE,
Amherstburg_UKN-501_Forts_1851-07-08_OBS-F,1851,August,12,,,,73,,80,,82,,,,,,82,,,,77,,,,clear + wind S,
Amherstburg_UKN-501_Forts_1851-07-08_OBS-F,1851,August,13,,69,,,,,,,79,,,,,,,79,,74,,,,overcast + calm,
Amherstburg_UKN-501_Forts_1851-07-08_OBS-F,1851,August,14,,,64,,,,,,,,74,,,,,,,61,,,,clear + wind NW,
Amherstburg_UKN-501_Forts_1851-07-08_OBS-F,1851,August,15,,,58,,,,,,,,,,,,67,,,62,,,,[illegible] clear + wind E,
Amherstburg_UKN-501_Forts_1851-07-08_OBS-F,1851,August,16,,,65,,,,,,,,,,,64,,,,64,,,,"calm + raining hard at 6pm, raining a little and a distant [illegible] NW,[coy] from SE and a smert E [illegible] from W from 8 to 10pm, much  thunder and heavy rain, much rain from 7 to 10pm",
Amherstburg_UKN-501_Forts_1851-07-08_OBS-F,1851,August,17,,,66,,,66,,,,,,,,,,61,,59,,,,overcast + wind NE,
Amherstburg_UKN-501_Forts_1851-07-08_OBS-F,1851,August,18,,,59,,,,,,,,71,,,,,,,60,,,,clear + air SE,
Amherstburg_UKN-501_Forts_1851-07-08_OBS-F,1851,August,19,,,,,,,,,,,,,,,,63,,59,,,,[illegible] clear + calm,
Amherstburg_UKN-501_Forts_1851-07-08_OBS-F,1851,August,20,,,59.5,,,,,,,,,,,,,,,,,,,,
Amherstburg_UKN-501_Forts_1851-08-09_OBS-F,1851,August,20,,,59,63,,,,,,73,,,,,,,,,61,,,[illegible] clear + wind NE,
Amherstburg_UKN-501_Forts_1851-08-09_OBS-F,1851,August,21,,,,77,,,,,,,78,,,,,,,,72,,,[illegible] clear + wind SW,
Amherstburg_UKN-501_Forts_1851-08-09_OBS-F,1851,August,22,,,,,,,,,,,78,,,,,,,,67,,,clear + wind W by [S],
Amherstburg_UKN-501_Forts_1851-08-09_OBS-F,1851,August,23,,,63,,,,79,,,81.25,,81,,79,,,,,69,,,clear + calm,
Amherstburg_UKN-501_Forts_1851-08-09_OBS-F,1851,August,24,,,,,,79,,,79,81,,,82.5,,,,,,74,,,clear + calm,
Amherstburg_UKN-501_Forts_1851-08-09_OBS-F,1851,August,25,,,70,,,,80,82,83,,,,,,,62,,,58,,,overcast + wind NW,
Amherstburg_UKN-501_Forts_1851-08-09_OBS-F,1851,August,26,,,54.5,,,,65,,,,,,,64,,,,,54,,,clear + wind NW,
Amherstburg_UKN-501_Forts_1851-08-09_OBS-F,1851,August,27,,,51,60,,,,,73,,,,,,,,,56,,,,clear + wind NW,
Amherstburg_UKN-501_Forts_1851-08-09_OBS-F,1851,August,28,,,55,retracted,,,,,73,75,,,,,,,,65,,,,clear + wind NW,
Amherstburg_UKN-501_Forts_1851-08-09_OBS-F,1851,August,29,,,64,,,74,,,,,,,79,,69,,,,71,,,clear + calm,
Amherstburg_UKN-501_Forts_1851-08-09_OBS-F,1851,August,30,,,70,,,,,,,,,80,,,74,,,,70,,,[illegible] clear + calm,
Amherstburg_UKN-501_Forts_1851-08-09_OBS-F,1851,August,31,,,65,,,77,75,,,,,,,,,,68,62,,,,[illegible] clear + calm,
Amherstburg_UKN-501_Forts_1851-08-09_OBS-F,1851,September,1,,,,,,,,,,,78,,,,,,,72,,,,clear + wind S,
Amherstburg_UKN-501_Forts_1851-08-09_OBS-F,1851,September,2,,,,,,,,,84,,,83,,81,,,,70,,,,clear + wind NW,
Amherstburg_UKN-501_Forts_1851-08-09_OBS-F,1851,September,3,,,,,,76,,,,78,,,77,74,,,,64,,,,clear + air S,
Amherstburg_UKN-501_Forts_1851-08-09_OBS-F,1851,September,4,,,60,,,,78,,79,,,,,,,,,66,,,,clear + wind NE,
Amherstburg_UKN-501_Forts_1851-08-09_OBS-F,1851,September,5,,,70,72,79,,,,81,81,,,,,,,,,68,,,clear + calm,
Amherstburg_UKN-501_Forts_1851-08-09_OBS-F,1851,September,6,,,,68,,,,,,81,,83,,,,,,72,,,,clear + calm,
Amherstburg_UKN-501_Forts_1851-08-09_OBS-F,1851,September,7,,,,72,,81,82,,86,,,,illegible,,,77,,75,,,,clear + calm,
Amherstburg_UKN-501_Forts_1851-08-09_OBS-F,1851,September,8,,,"""",70,,,83,,,84,81,,81,80,,,,71,,,,clear + wind SE,
Amherstburg_UKN-501_Forts_1851-08-09_OBS-F,1851,September,9,,,,73,,,,,,85,86,86,,,,80,,78,78,,,clear + wind S,
Amherstburg_UKN-501_Forts_1851-08-09_OBS-F,1851,September,10,,,73,74,,83,81,,,85,,85,82,81,,80,,79,,,,"air S, raining slightly since 7pm",
Amherstburg_UKN-501_Forts_1851-08-09_OBS-F,1851,September,11,,,,77,80,80,80,,,82,,83,,82,,,,77,,,,air S + frequent distant thunder through the day,
Amherstburg_UKN-501_Forts_1851-08-09_OBS-F,1851,September,12,,75,76,77,,,85,86,87,88,88,88,87,85,83,81,,,75,,,clear + air S by W,
Amherstburg_UKN-501_Forts_1851-08-09_OBS-F,1851,September,13,,,,73,,,85,86,88.5,,75,,69,63,63,81,59,,57,,,wind to NW about 2pm much thunder and heavy rain to this [hour],
Amherstburg_UKN-501_Forts_1851-08-09_OBS-F,1851,September,14,,,,56,,,,,58,,,,,,,,,48,,,,clear + wind E by N,
Amherstburg_UKN-501_Forts_1851-08-09_OBS-F,1851,September,15,,,47,50,,,,,,,62,,,,,51,,48,,,,clear + air NE,
Amherstburg_UKN-501_Forts_1851-08-09_OBS-F,1851,September,16,,,,52,,,62,,,,67,,,,,58,,49,,,,partly overcast + wind SE,
Amherstburg_UKN-501_Forts_1851-08-09_OBS-F,1851,September,17,,,,53,,65,,68,,,,,68,,63,,,58,,,,clear + calm,
Amherstburg_UKN-501_Forts_1851-08-09_OBS-F,1851,September,18,,,,62,,,,,68,,,,,,64,,,59,,,,overcast + calm,
Amherstburg_UKN-501_Forts_1851-08-09_OBS-F,1851,September,19,,,60,,,,,,,,,,,71,,,,63,,,,clear + calm,
Amherstburg_UKN-501_Forts_1851-08-09_OBS-F,1851,September,20,,,,66,,,,,,,,,,,,,,68,,,,[illegible] clear + calm,
Amherstburg_UKN-501_Forts_1851-08-09_OBS-F,1851,September,21,,,,,,,,69,,,,66,,,61,,,55,,,,overcast + wind NW,
Amherstburg_UKN-501_Forts_1851-08-09_OBS-F,1851,September,22,,,,,66,,67,,,,70,,,,,,,59,,,,calm + raining a little,
Amherstburg_UKN-501_Forts_1851-08-09_OBS-F,1851,September,23,,,64,,,,,,,,,64,,,60,,,53,,,,clear + wind NW,
Amherstburg_UKN-501_Forts_1851-08-09_OBS-F,1851,September,24,,,45,49,,,,,57,57,,,50,,47,,,40,,,,clear + wind NW,
Amherstburg_UKN-501_Forts_1851-08-09_OBS-F,1851,September,25,,,41,45,,,,,57,,57,,,,51,,,,52,,,clear + calm,
Amherstburg_UKN-501_Forts_1851-08-09_OBS-F,1851,September,26,,,55,,,,,,,,,,,,54,,,50,,,,[illegible] clear with some cloud wind NW,
Amherstburg_UKN-501_Forts_1851-08-09_OBS-F,1851,September,27,,,45,,,49,,51,,,,49,,47,,,,46,,,,overcast + wind N,
Amherstburg_UKN-501_Forts_1851-08-09_OBS-F,1851,September,28,,,,47,,,,,,,,,,,,,,,,,,,
Amherstburg_UKN-501_Forts_1851-09-10_OBS-F,1851,September,29,,,,47,48,,,,49,,,49,,48,,,,47,,,,N gale and [illegible],
Amherstburg_UKN-501_Forts_1851-09-10_OBS-F,1851,September,29,,,,49,,,55,,57,,,,,55,,,,49,,,,"wind N, overcast, aurora borealis in every direction",
Amherstburg_UKN-501_Forts_1851-09-10_OBS-F,1851,September,30,,,,45,,59,,,,,,,,,,,,49,,,,clear + calm,
Amherstburg_UKN-501_Forts_1851-09-10_OBS-F,1851,October,1,,,40,,,,,,,,,,,,,,,55,,,,overcast + calm + wind SE,
Amherstburg_UKN-501_Forts_1851-09-10_OBS-F,1851,October,2,,,,,,,,,,,,,,,,,,60,,,,overcast + smert wind NW,
Amherstburg_UKN-501_Forts_1851-09-10_OBS-F,1851,October,3,,,,,,,,56,,,,,,,,,,,50,,,overcast + wind NW ,
Amherstburg_UKN-501_Forts_1851-09-10_OBS-F,1851,October,4,,,,49,,47,,,,,,46,,,45,,,45,,,,clear + wind W,
Amherstburg_UKN-501_Forts_1851-09-10_OBS-F,1851,October,5,,,,50,,51,,,,,,,,,,,,46,,,,clear + calm,
Amherstburg_UKN-501_Forts_1851-09-10_OBS-F,1851,October,6,,,,,,,,,,,,,,,,,,53,,,,clear + calm,
Amherstburg_UKN-501_Forts_1851-09-10_OBS-F,1851,October,7,,,,,,58,,,,,,,,,,58,,55,,,,[illegible] clear + wind S,
Amherstburg_UKN-501_Forts_1851-09-10_OBS-F,1851,October,8,,,,,,,,,,,,,,,,,,58,,,,[illegible] clear + calm,
Amherstburg_UKN-501_Forts_1851-09-10_OBS-F,1851,October,9,,,,,67,,,,,,67,,,66,,,,62,,,,clear + wind SE,
Amherstburg_UKN-501_Forts_1851-09-10_OBS-F,1851,October,10,,,,,,,,,72,,,,,68,,,,66,,,,[illegible] high cloudy smert wind from S by E,
Amherstburg_UKN-501_Forts_1851-09-10_OBS-F,1851,October,11,,,,,,,73,,,,,,,65,65,62,,64,,,,cloudy + wind SE,
Amherstburg_UKN-501_Forts_1851-09-10_OBS-F,1851,October,12,,,,,,63,,60,,,,,,,,,,58,,,,calm + raining on since sometime last night ,
Amherstburg_UKN-501_Forts_1851-09-10_OBS-F,1851,October,13,,,,,,,,,,,,,,,,,,51,,,,cloudy + wind W by S,
Amherstburg_UKN-501_Forts_1851-09-10_OBS-F,1851,October,14,,,,48,,,,54,,,,,,,,,,45,,,,clear + wind W by N,
Amherstburg_UKN-501_Forts_1851-09-10_OBS-F,1851,October,15,,,,,,,,,,,,,,,,,,40,,,,clear + air E,
Amherstburg_UKN-501_Forts_1851-09-10_OBS-F,1851,October,16,,,,,,,,,,,,,,,,,,39,,,,clear + wind E,
Amherstburg_UKN-501_Forts_1851-09-10_OBS-F,1851,October,17,,,36,,,,58,,59,,,,,,,,,35,,,,overcast + wind SE,
Amherstburg_UKN-501_Forts_1851-09-10_OBS-F,1851,October,18,,,,55,,,,,,,,,,,,,,53,,,,wind SW + raining since 2pm,
Amherstburg_UKN-501_Forts_1851-09-10_OBS-F,1851,October,19,,,,,,,,56,,,,56,,,,,,47,,,,clear + wind SW,
Amherstburg_UKN-501_Forts_1851-09-10_OBS-F,1851,October,20,,,,,,,,,,,,,56,,,,,48,,,,overcast [illegible] + wind SE,
Amherstburg_UKN-501_Forts_1851-09-10_OBS-F,1851,October,21,,,,47,,,,,51,,,,,,,,,46,,,,[illegible] + wind W,
Amherstburg_UKN-501_Forts_1851-09-10_OBS-F,1851,October,22,,,,,46,,,,,,,,,,,,,,40,,,overcast + heavy wind W all day,
Amherstburg_UKN-501_Forts_1851-09-10_OBS-F,1851,October,23,,,37,,,,,,,,50,,,,47,,,43,,,,clear + wind W by S,
Amherstburg_UKN-501_Forts_1851-09-10_OBS-F,1851,October,24,,,,40,,,,,,50,,,,,,,,51,,,,overcast + wind SE,
Amherstburg_UKN-501_Forts_1851-09-10_OBS-F,1851,October,25,,,,48,,49,,,,,,,,,,,,39,,,,overcast + wind E,
Amherstburg_UKN-501_Forts_1851-09-10_OBS-F,1851,October,26,,,,,34,,,,38,,40,,,33,,,,29,,,,clear + wind W by N,
Amherstburg_UKN-501_Forts_1851-09-10_OBS-F,1851,October,27,,,26,,,,,,40,,,,,,,,42,41,,,,overcast + heavy gale from W all day,
Amherstburg_UKN-501_Forts_1851-09-10_OBS-F,1851,October,28,,,,,47,,49,,,,,,,53,,,,55,,,,overcast + wind W by S,
Amherstburg_UKN-501_Forts_1851-09-10_OBS-F,1851,October,29,,,,,,,,,50,,,,,,,,,51,,,,cloudy + [illegible] smert SW all day much rain [illegible] 7pm,
Amherstburg_UKN-501_Forts_1851-09-10_OBS-F,1851,October,30,,,,,,,,,,,,,,,,43,,41,,,,[illegible] clear + air W,
Amherstburg_UKN-501_Forts_1851-09-10_OBS-F,1851,October,31,,,37,,,49,,,,,,53,,,,,,48,,,,overcast + wind E,
Amherstburg_UKN-501_Forts_1851-09-10_OBS-F,1851,November,1,,,,,,,,,,,,,61,,,,,55,,,,"overcast + wind SW, heavy thunder storm and much rain from 5 to 9pm",
Amherstburg_UKN-501_Forts_1851-09-10_OBS-F,1851,November,2,,,,,,,,,,,47,,,,,,,39,,,,a few clouds + wind NW,
Amherstburg_UKN-501_Forts_1851-09-10_OBS-F,1851,November,3,,,,,39,,,,,,,,,,39,,,37,,,,cloudy + wind N by W,
Amherstburg_UKN-501_Forts_1851-09-10_OBS-F,1851,November,4,,"""","""",35,,,,,,41,,,,37,,,,31,,,,cloudy + wind NW,"observations began with """
Amherstburg_UKN-501_Forts_1851-09-10_OBS-F,1851,November,5,,,,,,,37,,,38,,,,,,29,,30,,,,overcast + wind NE,
Amherstburg_UKN-501_Forts_1851-09-10_OBS-F,1851,November,6,,,,30,,,,,38,,,,,,31,,,31,,,,clear + wind SE,
Amherstburg_UKN-501_Forts_1851-09-10_OBS-F,1851,November,7,,,,,,,,,,,,,45,,,40,,40,,,,overcast + wind SW,
Amherstburg_UKN-501_Forts_1851-11-12_OBS-F,1851,November,8,,,,,,,44,,,,,,,41,,,,,34,,,"overcast + wind NW, a [illegible] all evening ",
Amherstburg_UKN-501_Forts_1851-11-12_OBS-F,1851,November,9,,,,,,36,,,,38,,,,34,,,33,31,,,,"overcast + wind N, slightly [snowy] ",
Amherstburg_UKN-501_Forts_1851-11-12_OBS-F,1851,November,10,,,26,,,,,,,,,,,,,,,30,,,,clear + wind N by W,
Amherstburg_UKN-501_Forts_1851-11-12_OBS-F,1851,November,11,,,23,,,,,,,,,,,35,,,,,32,,,overcast + wind NW,
Amherstburg_UKN-501_Forts_1851-11-12_OBS-F,1851,November,12,,,,38,,,,44,,,,,,,,,,38,0,,,raining hard since 6pm + wind SE,
Amherstburg_UKN-501_Forts_1851-11-12_OBS-F,1851,November,13,,,,,,,,,,,,,39,,,,,39,,,,"wind SE, raining all last and very much rain since 6pm",
Amherstburg_UKN-501_Forts_1851-11-12_OBS-F,1851,November,14,,,,,,,,,,,,,47,,,,,41,,,,overcast + wind W by N  ,
Amherstburg_UKN-501_Forts_1851-11-12_OBS-F,1851,November,15,,,,,,,38,,,,,,,,,,,38,,,,"wind SW, raining a little through evening ",
Amherstburg_UKN-501_Forts_1851-11-12_OBS-F,1851,November,16,,,,,,40,,,,,41,,39,,,,,37,,,,overcast + wind W by N  ,
Amherstburg_UKN-501_Forts_1851-11-12_OBS-F,1851,November,17,,,,,,,,40,,,,,35,,,,,,34,,,overcast + wind W slightly threatning to snow through the day ,
Amherstburg_UKN-501_Forts_1851-11-12_OBS-F,1851,November,18,,,,,,,,,41,,,,,,,,,32,,,,cloudy + wind NW,
Amherstburg_UKN-501_Forts_1851-11-12_OBS-F,1851,November,19,,,,32,,,,,,,,,,,,,,42,,,,cloudy + wind SW,
Amherstburg_UKN-501_Forts_1851-11-12_OBS-F,1851,November,20,,,,,,,,,35,,,,,,,,,,35,,,wind N + snowing + sleet all day and raining since 6pm,
Amherstburg_UKN-501_Forts_1851-11-12_OBS-F,1851,November,21,,,,,,,35,,,,,,,35,,,,,32,,,[illegible] clear + gale NW ,
Amherstburg_UKN-501_Forts_1851-11-12_OBS-F,1851,November,22,,,,34,,,,,,,,,35,,,,,,34,,,overcast + wind SE,
Amherstburg_UKN-501_Forts_1851-11-12_OBS-F,1851,November,23,,,,,36,,39,,,,,37,,,,,,,34,,,overcast + wind NE,
Amherstburg_UKN-501_Forts_1851-11-12_OBS-F,1851,November,24,,,,29,,,,,,,,,,,,,,30,,,,overcast + wind W by N  ,
Amherstburg_UKN-501_Forts_1851-11-12_OBS-F,1851,November,25,,,,29,,,,,,,,,,,,,,27,,,,wind W by N. snowing a little day [illegible] white,
Amherstburg_UKN-501_Forts_1851-11-12_OBS-F,1851,November,26,,,,26,,,,,,,,,,,,,,33,,,,wind SW + cloudy,
Amherstburg_UKN-501_Forts_1851-11-12_OBS-F,1851,November,27,,,,36,,,,,,41,,,,,,,,39,,,,overcast + wind S [calo],
Amherstburg_UKN-501_Forts_1851-11-12_OBS-F,1851,November,28,,,,32,,,,,,,,,,,,,,,33,,,overcast + wind W by S,
Amherstburg_UKN-501_Forts_1851-11-12_OBS-F,1851,November,29,,,,,,,,,,,,,,,,,,,30,,,[illegible] a brough + air NW  ,
Amherstburg_UKN-501_Forts_1851-11-12_OBS-F,1851,November,30,,,,32,,,,,,,,37,,,35,,,28,,,,clear + wind NW,
Amherstburg_UKN-501_Forts_1851-11-12_OBS-F,1851,December,1,,,,30,,,,,,,,29,,,,,,,26,,,clear + wind NW,
Amherstburg_UKN-501_Forts_1851-11-12_OBS-F,1851,December,2,,,,30,,,,,,,30,,,,,,,,28,,,wind N + snowing a little all day ,
Amherstburg_UKN-501_Forts_1851-11-12_OBS-F,1851,December,3,,,,30,,,,,,,,,,,,,,27,,,,[illegible] clear + a ring roud the moon + wind NW,
Amherstburg_UKN-501_Forts_1851-11-12_OBS-F,1851,December,4,,,,27,,,,,,,,,,,,,,30,,,,overcast + wind N by W + barometer 30 to in,
Amherstburg_UKN-501_Forts_1851-11-12_OBS-F,1851,December,5,,,,30,,33,,,,34,,,,,,,,27,,,,"overcast + wind N by W, barometer 30.120 in ",
Amherstburg_UKN-501_Forts_1851-11-12_OBS-F,1851,December,6,,,,26,,,31,,,,,,,,,,,,34,,,overcast + wind S + barometer 30in,
Amherstburg_UKN-501_Forts_1851-11-12_OBS-F,1851,December,7,,,,baro: 29.9,,,,,29.95,,,,29.82,,,,,29.75,,,,"wind S + overcast, much rain through last night and raining a little from 8am to 2pm",observer includes barometer data from this date onwards 
Amherstburg_UKN-501_Forts_1851-11-12_OBS-F,1851,January,7,,,,ther:41,,,41,,41,,,,44,,,,,44,retracted,,,,
Amherstburg_UKN-501_Forts_1851-11-12_OBS-F,1851,December,8,,,,baro:29.55,,,,,29.64,,,29.7,,,,,,,29.88,,,"wind W by N, a few flying clouds, clear + a heavy wind all day till sunset",
Amherstburg_UKN-501_Forts_1851-11-12_OBS-F,1851,January,8,,,,ther:48,,,,,44,,,39,,,,,,,30,,,,
Amherstburg_UKN-501_Forts_1851-11-12_OBS-F,1851,December,9,,,,baro:29.91,,,,,29.5,,,,,,,29.91,,,29.86,,,"wind WSW, overcast + fair all day",
Amherstburg_UKN-501_Forts_1851-11-12_OBS-F,1851,December,9,,,,ther:28,,,,,35,,,,,,,33,,,30,,,,
Amherstburg_UKN-501_Forts_1851-11-12_OBS-F,1851,December,10,,,,baro:29.8,,,,,,,,29.95,,,,,,,29.6,,,wind NW overcast all day,
Amherstburg_UKN-501_Forts_1851-11-12_OBS-F,1851,December,10,,,,ther:29,,,,,,,,29,,,,,,,34,,,,
Amherstburg_UKN-501_Forts_1851-11-12_OBS-F,1851,December,11,,,,baro:29.61,,,,,29.62,,,,29.6,,,,,,29.5,,,"cloudy all day, a smert wind SE",
Amherstburg_UKN-501_Forts_1851-11-12_OBS-F,1851,December,11,,,,ther:31,,,,,36,,,,34,,,,,,33,,,,
Amherstburg_UKN-501_Forts_1851-11-12_OBS-F,1851,December,12,,,,,,,,,,,,,,,,,,,,,,,
Amherstburg_UKN-501_Forts_1851-11-12_OBS-F,1851,December,12,,,,ther:31,,,,,,,,,,,,,,,,,,,
Amherstburg_UKN-501_Forts_1851-12_OBS-F,1851,December,12,,,baro:,,29.26,,,,,,,,,,,,,29.42,,,,"overcast + wind W, a [gale] all day + a large [shower] W at 4pm and found it prudent [illegible]",
Amherstburg_UKN-501_Forts_1851-12_OBS-F,1851,December,12,,,ther:,,34,,,,,32,,,28,,,,,23,,,,,
Amherstburg_UKN-501_Forts_1851-12_OBS-F,1851,December,13,,,baro:,29.45,,,,,29.45,,,retracted,,29.59,,,,29.59,,,,"wind W by S, overcast threatning to snow all day",
Amherstburg_UKN-501_Forts_1851-12_OBS-F,1851,December,13,,,ther:,16,,,,,23,18,,16,,15,,,,13,,,,,
Amherstburg_UKN-501_Forts_1851-12_OBS-F,1851,December,14,,,baro:,29.37,,,,,,,,29.19,,,,,,29.1,,,,SW wind + snowing a little all day,
Amherstburg_UKN-501_Forts_1851-12_OBS-F,1851,December,14,,,ther:,19,,,,,,,,23,,23,,,,27,,,,,
Amherstburg_UKN-501_Forts_1851-12_OBS-F,1851,December,15,,,baro:,29.25,,,29.28,,,29.32,,,,29.4,,,,,,29.4,,clear + wind W blowing hard all day,
Amherstburg_UKN-501_Forts_1851-12_OBS-F,1851,December,15,,,ther:,retracted,,,17,,,18,,,,13,,,,,,0/2,,,
Amherstburg_UKN-501_Forts_1851-12_OBS-F,1851,December,16,,,baro:,29.4,,,,,29.42,,,29.48,,29.51,,,,,,29.55,,clear + a smert gale from W by S all day,
Amherstburg_UKN-501_Forts_1851-12_OBS-F,1851,December,16,,,ther:,0/4,0,8,4-Jan,,8+,7,5,4,,2,1,0,,,,0/2,,,
Amherstburg_UKN-501_Forts_1851-12_OBS-F,1851,December,17,,,baro:,29.55,,,,,,29.55,,,,29.6,,,,,,29.63,,"[illegible] clear + wind W by S, a smert wind all day",
Amherstburg_UKN-501_Forts_1851-12_OBS-F,1851,December,17,,,ther:,0,3,,,,,5,,,,1,,,,,,1.5,,,
Amherstburg_UKN-501_Forts_1851-12_OBS-F,1851,December,18,,,baro:,29.6,,,,29.6,,,,,29.55,29.59,,29.59,,29.58,,,,[illegible] clear + wind W by S,
Amherstburg_UKN-501_Forts_1851-12_OBS-F,1851,December,18,,,ther:,10,,,,19,,,,,14,11,,8,,6,,,,,
Amherstburg_UKN-501_Forts_1851-12_OBS-F,1851,December,19,,,baro:,29.23,29.2,,,29.1,29,,,,,,,28.91,,28.96,,,,wind W by S + snowing a little all day,
Amherstburg_UKN-501_Forts_1851-12_OBS-F,1851,December,19,,,ther:,13,15,,,21,23,,,,,,,22,,22,,,,,
Amherstburg_UKN-501_Forts_1851-12_OBS-F,1851,December,20,,,baro:,29.3,,29.55,,,29.4,,29.46,,,,,28.6,,29.6,,,,"wind W by S, overcast a little snow falling through the day",
Amherstburg_UKN-501_Forts_1851-12_OBS-F,1851,December,20,,,ther:,17,,20,,,23,,18,,,,,15,,9,,,,,
Amherstburg_UKN-501_Forts_1851-12_OBS-F,1851,December,21,,,baro:,,29.7,,29.73,,29.73,,,,,,,29.8,,29.5,,,,overcast + [calm] all day,
Amherstburg_UKN-501_Forts_1851-12_OBS-F,1851,December,21,,,ther:,,16,,20,,24,,,,,,,16,,12,,,,,
Amherstburg_UKN-501_Forts_1851-12_OBS-F,1851,December,22,,,baro:,29.77,,,,,29.74,,,,29.79,,,,,29.71,,,,"overcast all day threatening to snow at present, wind NW",
Amherstburg_UKN-501_Forts_1851-12_OBS-F,1851,December,22,,,ther:,12,,,,,24,25,,,21,,,,,21,,,,,
Amherstburg_UKN-501_Forts_1851-12_OBS-F,1851,December,23,,,baro:,29.95,29.89,,,,,,29.95,,,29.95,,,,29.96,,,,overcast + wind S,
Amherstburg_UKN-501_Forts_1851-12_OBS-F,1851,December,23,,,ther:,14,12,,,,,,18,,,12,,,,12,,,,,
Amherstburg_UKN-501_Forts_1851-12_OBS-F,1851,December,24,,,baro:,29.6,,,,,,,29.5,29,,29.55,,,,29.6,,,,overcast all day wind WSW at present threatening to snow,
Amherstburg_UKN-501_Forts_1851-12_OBS-F,1851,December,24,,,ther:,16,,,,,,,26,28,,25,,,,28,,,,,
Amherstburg_UKN-501_Forts_1851-12_OBS-F,1851,December,25,,,baro:,29.88,,,,,,29.66,,,,,,,,29.81,,,,wind NW + snowing a little all day to this time,
Amherstburg_UKN-501_Forts_1851-12_OBS-F,1851,December,25,,,ther:,25,,,,,,24,,,,,,,,14,,,,,
Amherstburg_UKN-501_Forts_1851-12_OBS-F,1851,December,26,,,baro:,,30,,,30.6,,,30.8,,,,,,,30.7,,,,[illegible] clear + wind NW,
Amherstburg_UKN-501_Forts_1851-12_OBS-F,1851,December,26,,,ther:,,12,,,27,,,20,retracted,,,,,,12,,,,,
Amherstburg_UKN-501_Forts_1851-12_OBS-F,1851,December,27,,,baro:,,29.68,,,,29.53,29.5,,,,29.48,,,,29.46,,,,"wind S by W, raining + [snowing] from 9am till 4pm + raining hard from 4 to 9pm, [illegible] now",
Amherstburg_UKN-501_Forts_1851-12_OBS-F,1851,December,27,,,ther:,,20,,,,28,30,,,,36,,,,39,,,,,
Amherstburg_UKN-501_Forts_1851-12_OBS-F,1851,December,28,,,baro:,,29.18,,,,,,,29.2,,29.38,,,,29.5,,,,overcast + air SW,
Amherstburg_UKN-501_Forts_1851-12_OBS-F,1851,December,28,,,ther:,,43,,,,,,,44,,38,,,,35,,,,,
Amherstburg_UKN-501_Forts_1851-12_OBS-F,1851,December,29,,,baro:,,29.54,,,29.54,,,,29.51,,,,,,29.51,,,,"clear all day, wind S",
Amherstburg_UKN-501_Forts_1851-12_OBS-F,1851,December,29,,,ther:,,illegible,,,46,,,55,50,,,,,,47,,,,[illegible] from radiation,
Amherstburg_UKN-502_Forts_1851-12_OBS-1,1851,December,30,,,baro:,29.47,29.95,,,,29.44,,,,29.6,,,,,29.71,,,,"[illegible] all day + wind NW, wind N since 6pm, a thunder storm from 3 to 4am",
Amherstburg_UKN-502_Forts_1851-12_OBS-2,1851,December,30,,,ther:,45,,,,,44,,,,39,,,,,34,,,,,
Amherstburg_UKN-502_Forts_1851-12_OBS-3,1851,December,31,,,baro:,29.7,,,,,29.61,,,39.69,,,,,,29.8,,,,overcast all day + wind NW,
Amherstburg_UKN-502_Forts_1851-12_OBS-4,1851,December,31,,,ther:,30,,,,,34,,,33,,,,,,31,,,,,
