Observation date,barometer_observed_height_7am,barometer_observed_height_2pm,barometer_observed_height_9pm,attached_thermometer_7am,attached_thermometer_2pm,attached_thermometer_9pm_0,barometer_height_reduced_to_freezing_7am,barometer_height_reduced_to_freezing_2pm,barometer_height_reduced_to_freezing_9pm,barometer_reduced_to_freezing_mean,open_air_thermometer_7am,open_air_thermometer_2pm,open_air_thermometer_9pm,open_air_thermometer_mean,dry_bulb_7am,dry_bulb_2pm,dry_bulb_9pm,wet_bulb_7am,wet_bulb_2pm,wet_bulb_9pm,type_precipitation,rain_and_melted_snow_hour_began,rain_and_melted_snow_hour_ended,rain_and_melted_snow_amount,depth_of_snow,daily_weather_remarks,remarks_7am,remarks_2pm,remarks_9pm,cloud_amount_7am,course_higher_clouds_7am,cloud_velocity_7am,kind_of_cloud_7am,cloud_amount_2pm,course_higher_clouds_2pm,cloud_velocity_2pm,kind_of_cloud_2pm,cloud_amount_9pm,course_higher_clouds_9pm,cloud_velocity_9pm,kind_cloud_9pm,wind_direction_7am,wind_force_7am,wind_direction_2pm,wind_force_2pm,wind_direction_9pm,wind_force_9pm,force_of_vapor_7am,force_of_vapor_2pm,force_of_vapor_9pm,relative_humidity_7am,relative_humidity_2pm,relative_humidity_9pm,max_thermometer_obs,max_thermometer_cor,min_thermometer_obs,min_thermometer_cor,casual_phenomena,casual_phenomena_line_2,casual_phenomena_line_3,casual_phenomena_line_4,casual_phenomena_line_5,,,,,,,,
1859-09-01,,,,NA,NA,NA,NA,NA,NA,NA,52,62,50,Empty,NA,NA,NA,NA,NA,NA,Empty,Empty,Empty,Empty,Empty,NA,NA,NA,NA,10,NA,,Nimbus,9,East,2,Cumulo-stratus,2,NA,NA,Stratus,East,1,East,1,West,1,NA,NA,NA,NA,NA,NA,NA,NA,NA,NA,"Auroral haze of a bright rose colour, inactive, apparent from dark until the time (11 PM) in the S",NA,NA,NA,NA,,,,,,,,
1859-09-02,NA,NA,NA,NA,NA,NA,NA,NA,NA,NA,NA,NA,NA,NA,NA,NA,NA,NA,NA,NA,NA,NA,NA,NA,NA,NA,NA,NA,NA,0,NA,NA,Retracted,1,NA,NA,Stratus,1,NA,NA,Stratus,North,4,West,4,West,4,NA,NA,NA,NA,NA,NA,NA,NA,NA,NA,Auroral Arch complete at 10 PM altitude about 40 degrees. Colour faint yellow. active. dark haze in N below arch -,Enter from SE to NE south of Zenith - Auroral rays and patches from dark onwards,NA,NA,NA,,,,,,,,
1859-09-03,,,,NA,NA,NA,NA,NA,NA,NA,45,70,52,Empty,NA,NA,NA,NA,NA,NA,Empty,Empty,Empty,Empty,Empty,NA,NA,NA,NA,4,East,1,Cirro-stratus,1,NA,NA,Cumulo-stratus,2,NA,NA,Cumulo-stratus,South-East,1,South-South-East,1,South-East,2,NA,NA,NA,NA,NA,NA,NA,NA,NA,NA,Auroral patches and streamers and rays from dark onwards. brightest in the north,NA,NA,NA,NA,,,,,,,,
1859-09-04,NA,NA,NA,NA,NA,NA,NA,NA,NA,NA,50,68,67,Empty,NA,NA,NA,NA,NA,NA,Empty,Empty,Empty,Empty,Empty,NA,NA,NA,NA,1,NA,NA,Stratus,1,NA,NA,Cumulo-stratus,3,NA,NA,Cumulo-stratus,South-East,1,South-South-East,1,South-East,1,NA,NA,NA,NA,NA,NA,NA,NA,NA,NA,Faint auroral streamers in S all night,NA,NA,NA,NA,,,,,,,,
1859-09-05,NA,NA,NA,NA,NA,NA,NA,NA,NA,NA,47,58,52,Empty,NA,NA,NA,NA,NA,NA,Empty,Empty,Empty,Empty,Empty,NA,NA,NA,NA,5,NA,NA,Cumulo-stratus,1,NA,NA,Cumulus,8,None,,Nimbus,North-East,1,North-East,2,South,3,NA,NA,NA,NA,NA,NA,NA,NA,NA,NA,Bright display of Aurora from dark onwards. Incomplete arch in South and bright beams and bands in the north at 10 1/2 PM,Bright and complete passthing this Ursa major at midnight. colours pain and various shades of yellow u=markably active very vivid,NA,NA,NA,,,,,,,,
1859-09-06,NA,NA,NA,NA,NA,NA,NA,NA,NA,NA,50,58,50,Empty,NA,NA,NA,NA,NA,NA,Empty,Empty,Empty,Empty,Empty,NA,NA,NA,NA,9,South North,2,Cumulo-stratus,8,East,3,Cumulo-stratus,10,Empty,Empty,Nimbus,North,3,North-West,4,North-West,6,NA,NA,NA,NA,NA,NA,NA,NA,NA,NA,NA,NA,NA,NA,NA,,,,,,,,
1859-09-07,NA,NA,NA,NA,NA,NA,NA,NA,NA,NA,48,50,45,Empty,NA,NA,NA,NA,NA,NA,Rain /illegible,11 am /1pm,12 noon | 6 pm,light | ditto,Empty,light rain,NA,NA,NA,10,NA,NA,Nimbus,10,NA,NA,Nimbus,0,NA,NA,Retracted,North-West,1,East,2,North-West,2,NA,NA,NA,NA,NA,NA,NA,NA,NA,NA,NA,NA,NA,NA,NA,,,,,,,,
1859-09-08,NA,NA,NA,NA,NA,NA,NA,NA,NA,NA,45,51,31,Empty,NA,NA,NA,NA,NA,NA,rain?,7:00 AM,11 1/2 am,heavy,Empty,heavy rain,NA,NA,NA,10,NA,NA,Nimbus,9,South-East,3,Cumulo-stratus,4,NA,NA,Cumulus,North-West,4,North-West,5,West,1,NA,NA,NA,NA,NA,NA,NA,NA,NA,NA,NA,NA,NA,NA,NA,,,,,,,,
1859-09-09,NA,NA,NA,NA,NA,NA,NA,NA,NA,NA,40,59,49,Empty,NA,NA,NA,NA,NA,NA,Empty,Empty,Empty,Empty,Empty,NA,NA,NA,NA,2,East-North-East,3,Cumulo-stratus,3,NA,NA,Cumulus,6,NA,NA,Cumulo-stratus,South-East,3,South-East,2,South-East,2,NA,NA,NA,NA,NA,NA,NA,NA,NA,NA,Faint aurora at 10 PM (moonlight),NA,NA,NA,NA,,,,,,,,
1859-09-10,Empty,NA,NA,NA,NA,NA,NA,NA,NA,NA,48,72,68,62.67,NA,NA,NA,NA,NA,NA,Empty,Empty,Empty,Empty,Empty,NA,NA,NA,NA,6,NA,NA,Cirro-cumulus,8,North,3,Cirro-cumulus,7,NA,NA,Cumulus,South-East,2,South,5,South,6,NA,NA,NA,NA,NA,NA,NA,NA,NA,NA,NA,NA,NA,NA,NA,,,,,,,,
1859-09-11,NA,NA,NA,NA,NA,NA,NA,NA,NA,NA,56,68,40,Empty,NA,NA,NA,NA,NA,NA,Empty,Empty,Empty,Empty,Empty,NA,NA,NA,NA,3,South-East North-West,2,Cirro-cumulus,5,NA,NA,Cirro-cumulus,1,NA,NA,Cirro-stratus,North-West,1,South-East,1,South,2,NA,NA,NA,NA,NA,NA,NA,NA,NA,NA,Faint aurora in S from star set onwards (s0),NA,NA,NA,NA,,,,,,,,
1859-09-12,NA,NA,NA,NA,NA,NA,NA,NA,NA,NA,47,58,45,Empty,NA,NA,NA,NA,NA,NA,Empty,Empty,Empty,Empty,Empty,NA,NA,NA,NA,3,Empty,Empty,Cirro-stratus,1,NA,NA,Cirro-stratus,10,NA,NA,Nimbus,South-East,7,North-West,1,West,4,NA,NA,NA,NA,NA,NA,NA,NA,NA,NA,NA,NA,NA,NA,NA,,,,,,,,
1859-09-13,NA,NA,NA,NA,NA,NA,NA,NA,NA,NA,44,46,42,Empty,NA,NA,NA,NA,NA,NA,rain,6 1/2 am,10:00 PM,heavy,Empty,heavy rain,NA,NA,NA,9,North-East,4,Nimbus,10,NA,NA,Nimbus,8,NA,NA,Nimbus,North-West,1,East,6,South-East,4,NA,NA,NA,NA,NA,NA,NA,NA,NA,NA,NA,NA,NA,NA,NA,,,,,,,,
1859-09-14,NA,NA,NA,NA,NA,NA,NA,NA,NA,NA,41,45,42,Empty,NA,NA,NA,NA,NA,NA,rain,1:00 AM,11 1/2 am,light,Empty,light rain,NA,NA,NA,10,NA,NA,Nimbus,10,NA,NA,Nimbus,10,NA,NA,Nimbus,North,2,North-West,2,North-West,3,NA,NA,NA,NA,NA,NA,NA,NA,NA,NA,NA,NA,NA,NA,NA,,,,,,,,
1859-09-15,NA,NA,NA,NA,NA,NA,NA,NA,NA,NA,43,48,41,Empty,NA,NA,NA,NA,NA,NA,rain,2 1/2 pm,3:00 PM,light,Empty,light rain,NA,NA,NA,10,NA,NA,Nimbus,8,NA,NA,Nimbus,10,NA,NA,Nimbus,North-West,3,North,2,North,1,NA,NA,NA,NA,NA,NA,NA,NA,NA,NA,NA,NA,NA,NA,NA,,,,,,,,
1859-09-16,NA,NA,NA,NA,NA,NA,NA,NA,NA,NA,40,44,40,Empty,NA,NA,NA,NA,NA,NA,rain,7:00 AM,continued,light,Empty,light rain,NA,NA,NA,8,West East,1,Cirro-cumulus,10,NA,NA,Nimbus,10,NA,NA,Nimbus,North-East,2,North-West,2,North-West,3,NA,NA,NA,NA,NA,NA,NA,NA,NA,NA,NA,NA,NA,NA,NA,,,,,,,,
1859-09-17,NA,NA,NA,NA,NA,NA,NA,NA,NA,NA,41,43,40,Empty,NA,NA,NA,NA,NA,NA,rain,continued,continued,heavy from 11 am,Empty,heavy rain from 11 am,NA,NA,NA,10,NA,NA,Nimbus,10,NA,NA,Nimbus,10,NA,NA,Nimbus,North-East,3,North-East,3,North-East,6,NA,NA,NA,NA,NA,NA,NA,NA,NA,NA,NA,NA,NA,NA,NA,,,,,,,,
1859-09-18,NA,NA,NA,NA,NA,NA,NA,NA,NA,NA,40,48,39,Empty,NA,NA,NA,NA,NA,NA,rain,con't,11:00 AM,heavy,Empty,heavy rain,NA,NA,NA,10,NA,NA,Nimbus,10,NA,NA,Nimbus,5,NA,NA,Cumulo-stratus,North-East,3,North-East,1,North-East,4,NA,NA,NA,NA,NA,NA,NA,NA,NA,NA,NA,NA,NA,NA,NA,,,,,,,,
1859-09-19,NA,NA,NA,NA,NA,NA,NA,NA,NA,NA,38,42,48,Empty,NA,NA,NA,NA,NA,NA,rain,daylight (illegible),9:00 PM,heavy,Empty,heavy rain,NA,NA,NA,10,NA,NA,Nimbus,10,NA,NA,Cumulo-stratus,3,NA,NA,Cumulo-stratus,North-East,2,North-East,2,North-East,2,NA,NA,NA,NA,NA,NA,NA,NA,NA,NA,Well defined arch in zenith - and broken arch in NE at 9 PM. colours yellow of various shades - active.,NA,NA,NA,NA,,,,,,,,
1859-09-20,NA,NA,NA,NA,NA,NA,NA,NA,NA,NA,37,45,36,Empty,NA,NA,NA,NA,NA,NA,rain,8:00 AM,at intervals all day,light,Empty,light rain all day at intervals,NA,NA,NA,6,NA,NA,Cumulo-stratus,5,NA,NA,Nimbus,10,NA,NA,Nimbus,North-West,2,North,3,North,1,NA,NA,NA,NA,NA,NA,NA,NA,NA,NA,NA,NA,NA,NA,NA,,,,,,,,
1859-09-21,NA,NA,NA,NA,NA,NA,NA,NA,NA,NA,42,45,40,Empty,NA,NA,NA,NA,NA,NA,rain,Empty,Empty,Empty,Empty,showery all day,NA,NA,NA,10,NA,NA,Nimbus,8,NA,NA,Cumulo-stratus,8,NA,NA,Cumulo-stratus,North-East,3,North-West,3,North-West,2,NA,NA,NA,NA,NA,NA,NA,NA,NA,NA,NA,NA,NA,NA,NA,,,,,,,,
1859-09-22,NA,NA,NA,NA,NA,NA,NA,NA,NA,NA,36,48,42,Empty,NA,NA,NA,NA,NA,NA,Empty,Empty,Empty,Empty,Empty,NA,NA,NA,NA,8,NA,NA,Cumulo-stratus,6,NA,NA,Cirro-cumulus,1,NA,NA,Stratus,East,3,North-East,2,North-East,1,NA,NA,NA,NA,NA,NA,NA,NA,NA,NA,NA,NA,NA,NA,NA,,,,,,,,
1859-09-23,NA,NA,NA,NA,NA,NA,NA,NA,NA,NA,42,51,43,Empty,NA,NA,NA,NA,NA,NA,Empty,Empty,Empty,Empty,Empty,NA,NA,NA,NA,6,NA,NA,Cirro-stratus,3,NA,NA,Cumulus,8,NA,NA,Nimbus,North-West,3,South-East,2,South,1,NA,NA,NA,NA,NA,NA,NA,NA,NA,NA,NA,NA,NA,NA,NA,,,,,,,,
1859-09-24,NA,NA,NA,NA,NA,NA,NA,NA,NA,NA,33,44,42,Empty,NA,NA,NA,NA,NA,NA,Empty,Empty,Empty,Empty,Empty,NA,NA,NA,NA,10,NA,NA,Nimbus,6,NA,NA,Cirro-cumulus,10,NA,NA,Nimbus,North-East,4,North-West,4,North-West,5,NA,NA,NA,NA,NA,NA,NA,NA,NA,NA,NA,NA,NA,NA,NA,,,,,,,,
1859-09-25,NA,NA,NA,NA,NA,NA,NA,NA,NA,NA,32,42,38,Empty,NA,NA,NA,NA,NA,NA,rain,9:00 PM,con't?,heavy,Empty,heavy rain continuous all day,NA,NA,NA,8,NA,NA,Cirro-cumulus,7,NA,NA,Cirro-cumulus,5,NA,NA,Cumulo-stratus,South-East,3,North-East,5,North-East,1,NA,NA,NA,NA,NA,NA,NA,NA,NA,NA,NA,NA,NA,NA,NA,,,,,,,,
1859-09-26,NA,NA,NA,NA,NA,NA,NA,NA,NA,NA,31,44,39,Empty,NA,NA,NA,NA,NA,NA,rain,con't?,6:00 AM,heavy,Empty,heavy rain,NA,NA,NA,10,NA,NA,Nimbus,6,NA,NA,Cumulo-stratus,9,NA,NA,Cumulo-stratus,North-West,2,South-East,5,South-East,2,NA,NA,NA,NA,NA,NA,NA,NA,NA,NA,Aurora from dark onwards - arch S of zenith from 8 to 11 PM Frost at night.,NA,NA,NA,NA,,,,,,,,
1859-09-27,NA,NA,NA,NA,NA,NA,NA,NA,NA,NA,33,45,38,Empty,NA,NA,NA,NA,NA,NA,Empty,Empty,Empty,Empty,Empty,NA,NA,NA,NA,5,NA,NA,Cumulo-stratus,8,NA,NA,Nimbus,7,NA,NA,Nimbus,North-West,1,North-West,3,West,5,NA,NA,NA,NA,NA,NA,NA,NA,NA,NA,NA,NA,NA,NA,NA,,,,,,,,
1859-09-28,NA,NA,NA,NA,NA,NA,NA,NA,NA,NA,34,40,42,Empty,NA,NA,NA,NA,NA,NA,Illegible,3:00 AM,6:00 PM,heavy & (illegible),Empty,heavy [rain] mixed with snow,NA,NA,NA,10,NA,NA,Nimbus,10,NA,NA,Cumulus,5,NA,NA,Cumulo-stratus,North-West,3,North-West,3,North-West,5,NA,NA,NA,NA,NA,NA,NA,NA,NA,NA,NA,NA,NA,NA,NA,,,,,,,,
1859-09-29,NA,NA,NA,NA,NA,NA,NA,NA,NA,NA,35,36,30,Empty,NA,NA,NA,NA,NA,NA,snow,10:00 AM,3:00 PM,Empty,light,snow light,NA,NA,NA,6,NA,NA,Cumulus,7,NA,NA,Cumulus,4,NA,NA,Cumulo-stratus,North-West,2,North-West,2,North-West,2,NA,NA,NA,NA,NA,NA,NA,NA,NA,NA,NA,NA,NA,NA,NA,,,,,,,,
1859-09-30,NA,NA,NA,NA,NA,NA,NA,NA,NA,NA,31,35,33,33,NA,NA,NA,NA,NA,NA,snow,9:00 PM,10:00 PM,Empty,heavy,heavy rain,NA,NA,NA,6,NA,NA,Cirro-cumulus,6,NA,NA,Cumulo-stratus,10,NA,NA,Nimbus,North,1,North-East,1,North-West,1,NA,NA,NA,NA,NA,NA,NA,NA,NA,NA,NA,NA,NA,NA,NA,,,,,,,,
1859-11-01,NA,NA,NA,NA,NA,NA,NA,NA,NA,NA,14,16,15,,NA,NA,NA,NA,NA,NA,NA,Empty,Empty,Empty,NA,NA,NA,NA,NA,3,NA,,Cirro-stratus,5,NA,,Cirro-stratus,2,NA,NA,Cirro-stratus,North-West,3,North-West,2,North-West,2,NA,NA,NA,NA,NA,NA,NA,NA,NA,NA,NA,NA,NA,NA,NA,,,,,,,,
1859-11-02,NA,NA,NA,NA,NA,NA,NA,NA,NA,NA,8,14,10,Empty,NA,NA,NA,NA,NA,NA,Retracted,Empty,Empty,Empty,,NA,NA,NA,NA,2,NA,NA,Stratus,1,NA,NA,Stratus,1,NA,NA,Stratus,North-West,4,North-West,3,North-West,4,NA,NA,NA,NA,NA,NA,NA,NA,NA,NA,NA,NA,NA,NA,NA,,,,,,,,
1859-11-03,NA,NA,NA,NA,NA,NA,NA,NA,NA,NA,13,20,16,16.33,NA,NA,NA,NA,NA,NA,NA,10:00 AM,4:00 PM,Retracted,Illegible,moderate [snow],NA,NA,NA,10,NA,NA,Nimbus,10,NA,NA,Nimbus,5,NA,NA,Cirro-stratus,North-West,6,North-West,7,North-West,7,NA,NA,NA,NA,NA,NA,NA,NA,NA,NA,Large Halo round the moon,NA,NA,NA,NA,,,,,,,,
1859-11-04,NA,NA,NA,NA,NA,NA,NA,NA,NA,NA,8,16,10,NA,NA,NA,NA,NA,NA,NA,NA,11:00 AM,1:00 PM,Retracted,light,light [snow],NA,NA,NA,3,NA,NA,Stratus,2,NA,NA,Cirro-stratus,1,NA,NA,Stratus,North-West,1,North-West,4,North,6,NA,NA,NA,NA,NA,NA,NA,NA,NA,NA,"Snow falling with no clouds overhead, from freezing of damp atmosphere",None,None,None,None,,,,,,,,
1859-11-05,NA,NA,NA,NA,NA,NA,NA,NA,NA,NA,0,8,-6,NA,NA,NA,NA,NA,NA,NA,NA,Retracted,Retracted,Retracted,NA,NA,NA,NA,NA,2,NA,NA,Cirro-stratus,2,NA,NA,Cirro-stratus,1,NA,NA,Stratus,North-West,5,North-West,3,North-West,3,NA,NA,NA,NA,NA,NA,NA,NA,NA,NA,NA,NA,NA,NA,NA,,,,,,,,
1859-11-06,NA,NA,NA,NA,NA,NA,NA,NA,NA,NA,-12,-4,-10,NA,NA,NA,NA,NA,NA,NA,NA,Retracted,Retracted,Retracted,NA,NA,NA,NA,NA,2,NA,NA,Cirro-stratus,2,NA,NA,Cirro-stratus,2,NA,NA,Cirro-stratus,North-West,1,North-West,1,North-West,2,NA,NA,NA,NA,NA,NA,NA,NA,NA,NA,NA,NA,NA,NA,NA,,,,,,,,
1859-11-07,NA,NA,NA,NA,NA,NA,NA,NA,NA,NA,-24,-8,-16,NA,NA,NA,NA,NA,NA,NA,NA,Retracted,Retracted,Retracted,NA,NA,NA,NA,NA,2,NA,NA,Stratus,1,NA,NA,Stratus,1,NA,NA,Stratus,North-West,1,North-West,1,South-East,1,NA,NA,NA,NA,NA,NA,NA,NA,NA,NA,"Auroral arch in Zenith from E to W. This would have been a fair display, only for the moonlight",None,None,None,None,,,,,,,,
1859-11-08,NA,NA,NA,NA,NA,NA,NA,NA,NA,NA,-25,-10,-18,NA,NA,NA,NA,NA,NA,NA,NA,Retracted,Retracted,Retracted,NA,NA,NA,NA,NA,0,NA,NA,Illegible,1,NA,NA,Stratus,0,None,,Retracted,South-East,3,South-East,3,South-East,2,NA,NA,NA,NA,NA,NA,NA,NA,NA,NA,Faint Aurora in East,None,None,None,None,,,,,,,,
1859-11-09,NA,NA,NA,NA,NA,NA,NA,NA,NA,NA,-20,-8,-2,NA,NA,NA,NA,NA,NA,NA,NA,Retracted,Retracted,Retracted,NA,NA,NA,NA,NA,Illegible,NA,NA,Stratus,1,NA,NA,Stratus,0,None,,Retracted,South-East,1,South-East,2,South-East,3,NA,NA,NA,NA,NA,NA,NA,NA,NA,NA,A low Auroral arch from SE to N at 9pm,None,None,None,None,,,,,,,,
1859-11-10,NA,NA,NA,NA,NA,NA,NA,NA,NA,NA,2,10,4,NA,NA,NA,NA,NA,NA,NA,NA,Retracted,Retracted,Retracted,NA,NA,NA,NA,NA,NA,NA,NA,Retracted,0,None,,Empty,2,NA,NA,Stratus,South-East,1,South-East,3,South-East,3,NA,NA,NA,NA,NA,NA,NA,NA,NA,NA,Faint Aurora in N halo round the Moon,None,None,None,None,,,,,,,,
1859-11-11,NA,NA,NA,NA,NA,NA,NA,NA,NA,NA,-4,0,-10,,NA,NA,NA,NA,NA,NA,NA,Retracted,Retracted,Retracted,NA,NA,NA,NA,NA,NA,NA,NA,Nimbus,6,NA,NA,Nimbus,0,NA,NA,Retracted,South-East,2,West,1,West,1,NA,NA,NA,NA,NA,NA,NA,NA,NA,NA,NA,NA,NA,NA,NA,,,,,,,,
1859-11-12,NA,NA,NA,NA,NA,NA,NA,NA,NA,NA,-15,-8,-6,,NA,NA,NA,NA,NA,NA,NA,Retracted,Retracted,Retracted,NA,NA,NA,NA,NA,NA,NA,NA,Nimbus,9,NA,NA,Nimbus,4,NA,NA,Stratus,North-West,2,North-West,4,North-West,1,NA,NA,NA,NA,NA,NA,NA,NA,NA,NA,NA,NA,NA,NA,NA,,,,,,,,
1859-11-13,NA,NA,NA,NA,NA,NA,NA,NA,NA,NA,-2,-6,-8,NA,NA,NA,NA,NA,NA,NA,NA,Retracted,Retracted,Retracted,NA,NA,NA,NA,NA,NA,NA,NA,Stratus,8,NA,NA,Nimbus,9,NA,NA,Nimbus,West,3,North-West,3,South-East,2,NA,NA,NA,NA,NA,NA,NA,NA,NA,NA,NA,NA,NA,NA,NA,,,,,,,,
1859-11-14,NA,NA,NA,NA,NA,NA,NA,NA,NA,NA,-10,-9,-16,NA,NA,NA,NA,NA,NA,NA,NA,1:00 PM,2:00 PM,Retracted,NA,NA,NA,NA,NA,NA,NA,NA,Cirro-stratus,8,NA,NA,Nimbus,10,NA,NA,Nimbus,South-East,4,South-East,6,South-East,7,NA,NA,NA,NA,NA,NA,NA,NA,NA,NA,NA,NA,NA,NA,NA,,,,,,,,
1859-11-15,NA,NA,NA,NA,NA,NA,NA,NA,NA,NA,-18,-10,-12,NA,NA,NA,NA,NA,NA,NA,NA,Retracted,Retracted,Retracted,NA,NA,NA,NA,NA,5,NA,NA,Cirro-stratus,4,NA,NA,Cirro-stratus,4,NA,NA,Cirro-stratus,North,1,North-West,3,North-West,1,NA,NA,NA,NA,NA,NA,NA,NA,NA,NA,NA,NA,NA,NA,NA,,,,,,,,
1859-11-16,NA,NA,NA,NA,NA,NA,NA,NA,NA,NA,-2,0,-3,NA,NA,NA,NA,NA,NA,NA,NA,Illegible,Illegible,Illegible,NA,NA,NA,NA,NA,NA,NA,NA,Cirro-stratus,2,None,,Cirro-stratus,2,NA,NA,Stratus,North-West,4,North-West,5,North-West,5,NA,NA,NA,NA,NA,NA,NA,NA,NA,NA,NA,NA,NA,NA,NA,,,,,,,,
1859-11-17,NA,NA,NA,NA,NA,NA,NA,NA,NA,NA,-5,2,Illegible,NA,NA,NA,NA,NA,NA,NA,NA,Illegible,Illegible,Illegible,NA,NA,NA,NA,NA,NA,NA,NA,Nimbus,7,NA,NA,Illegible,5,NA,NA,Stratus,North-West,1,South,3,Illegible,3,NA,NA,NA,NA,NA,NA,NA,NA,NA,NA,NA,NA,NA,NA,NA,,,,,,,,
1859-11-18,NA,NA,NA,NA,NA,NA,NA,NA,NA,NA,-2,0,NA,NA,NA,NA,NA,NA,NA,NA,NA,Illegible,Illegible,Illegible,NA,NA,NA,NA,NA,NA,NA,NA,Nimbus,6,NA,NA,Cirro-stratus,Illegible,NA,NA,Illegible,North-West,3,South-East,2,Illegible,Illegible,NA,NA,NA,NA,NA,NA,NA,NA,NA,NA,NA,NA,NA,NA,NA,,,,,,,,
1859-11-19,NA,NA,NA,NA,NA,NA,NA,NA,NA,NA,-2,1,Illegible,NA,NA,NA,NA,NA,NA,NA,NA,Illegible,Illegible,Illegible,NA,NA,NA,NA,NA,8,Empty,Empty,Nimbus,7,NA,NA,Nimbus,Illegible,NA,NA,Illegible,South-East,4,South-East,4,South-East,Illegible,NA,NA,NA,NA,NA,NA,NA,NA,NA,NA,McKenzie River Frozen over opposite Fort: current 4 miles an hour,NA,NA,NA,NA,,,,,,,,
1859-11-20,NA,NA,NA,NA,NA,NA,NA,NA,NA,NA,0,4,-5,NA,NA,NA,NA,NA,NA,NA,NA,3:00 AM,Illegible,Illegible,Illegible,moderate [snow],NA,NA,NA,10,NA,NA,Nimbus,5,NA,NA,Cirro-stratus,Illegible,NA,NA,Cirro-stratus,South-East,4,South-East,5,South-East,Illegible,NA,NA,NA,NA,NA,NA,NA,NA,NA,NA,Faint auroral arch from NNW to NNE very low at 10pm,NA,NA,NA,NA,,,,,,,,
1859-11-21,NA,NA,NA,NA,NA,NA,NA,NA,NA,NA,-16,-10,-8,NA,NA,NA,NA,NA,NA,NA,NA,1:00 AM,6:00 PM,Retracted,light,light [snow],NA,NA,NA,6,NA,NA,Cirro-stratus,8,NA,NA,Nimbus,4,NA,NA,Stratus,South-East,1,South-East,3,South-East,2,NA,NA,NA,NA,NA,NA,NA,NA,NA,NA,Bright auroral arch from W to E passing through Ursa Major. Colour pale yellow. Not active,None,None,None,None,,,,,,,,
1859-11-22,NA,NA,NA,NA,NA,NA,NA,NA,NA,NA,0,10,8,NA,NA,NA,NA,NA,NA,NA,NA,7:00 AM,4:00 PM,NA,light,light [snow],NA,NA,NA,7,NA,NA,Nimbus,8,NA,NA,Nimbus,3,NA,NA,Stratus,Retracted,0,Retracted,0,South-East,1,NA,NA,NA,NA,NA,NA,NA,NA,NA,NA,Faint aurora all night in N,None,None,None,None,,,,,,,,
1859-11-23,NA,NA,NA,NA,NA,NA,NA,NA,NA,NA,2,6,5,Empty,NA,NA,NA,NA,NA,NA,NA,Retracted,Retracted,Retracted,NA,NA,NA,NA,NA,1,NA,NA,Stratus,1,NA,NA,Stratus,1,NA,NA,Stratus,East,1,East,1,South,2,NA,NA,NA,NA,NA,NA,NA,NA,NA,NA,Faint auroral patches in N all night,None,None,None,None,,,,,,,,
1859-11-24,NA,NA,NA,NA,NA,NA,NA,NA,NA,NA,3,5,0,NA,NA,NA,NA,NA,NA,NA,NA,Retracted,Retracted,Retracted,NA,NA,NA,NA,NA,1,NA,NA,Stratus,1,NA,NA,Stratus,1,NA,NA,Stratus,North-West,2,North-West,1,North-West,2,NA,NA,NA,NA,NA,NA,NA,NA,NA,NA,Faint aurora in West all night,None,None,None,None,,,,,,,,
1859-11-25,NA,NA,NA,NA,NA,NA,NA,NA,NA,NA,12,20,14,NA,NA,NA,NA,NA,NA,NA,NA,Retracted,Retracted,Retracted,NA,NA,NA,NA,NA,1,NA,NA,Stratus,1,NA,NA,Stratus,1,NA,NA,Stratus,North-West,1,North-West,3,North-West,5,NA,NA,NA,NA,NA,NA,NA,NA,NA,NA,Well defined arch S of Zenith: from E to W. patches in the west - dark cloud in N from dark onwards,NA,NA,NA,NA,,,,,,,,
1859-11-26,NA,NA,NA,NA,NA,NA,NA,NA,NA,NA,6,0,3,NA,NA,NA,NA,NA,NA,NA,NA,Retracted,Retracted,Retracted,NA,NA,NA,NA,NA,1,None,,Stratus,1,NA,NA,Stratus,1,NA,NA,Stratus,South-East,1,South-East,1,South-East,3,NA,NA,NA,NA,NA,NA,NA,NA,NA,NA,NA,NA,NA,NA,NA,,,,,,,,
1859-11-27,NA,NA,NA,NA,NA,NA,NA,NA,NA,NA,-8,-3,-5,NA,NA,NA,NA,NA,NA,NA,NA,NA,NA,NA,heavy,heavy [snow],NA,NA,NA,8,None,,Nimbus,10,NA,NA,Nimbus,10,NA,NA,Nimbus,South-East,4,North-West,4,North-West,5,NA,NA,NA,NA,NA,NA,NA,NA,NA,NA,NA,NA,NA,NA,NA,,,,,,,,
1859-11-28,NA,NA,NA,NA,NA,NA,NA,NA,NA,NA,-6,-3,-8,NA,NA,NA,NA,NA,NA,NA,NA,NA,NA,NA,NA,heavy [snow],NA,NA,NA,10,None,,Nimbus,10,NA,NA,Nimbus,5,NA,NA,Cirro-stratus,North-West,7,North-West,8,North-West,8,NA,NA,NA,NA,NA,NA,NA,NA,NA,NA,NA,NA,NA,NA,NA,,,,,,,,
1859-11-29,NA,NA,NA,NA,NA,NA,NA,NA,NA,NA,-16,-13,-26,NA,NA,NA,NA,NA,NA,NA,NA,Empty,4:00 PM,NA,heavy,NA,NA,NA,NA,1,None,,Stratus,1,NA,NA,Stratus,0,NA,NA,Retracted,North-West,1,North-West,2,North-West,1,NA,NA,NA,NA,NA,NA,NA,NA,NA,NA,"Coppery haze round the Sun. all night bright over Ar. Zen  aur arch at 6 1/2 pm bright arch of very [ illegible, torn page ] very bright & radiant",None,None,None,None,,,,,,,,
1859-11-30,NA,NA,NA,NA,NA,NA,NA,NA,NA,NA,-35,-24,-28,29,NA,NA,NA,NA,NA,NA,Retracted,Retracted,Retracted,Retracted,NA,NA,NA,NA,NA,0,Empty,Empty,Retracted,0,Empty,Empty,Retracted,0,NA,NA,Retracted,Retracted,0,Retracted,0,Retracted,0,NA,NA,NA,NA,NA,NA,NA,NA,NA,NA,NA,NA,NA,NA,NA,,,,,,,,
1860-01-01,NA,NA,NA,NA,NA,NA,NA,NA,NA,NA,-27,-26,-26,,NA,NA,NA,NA,NA,NA,NA,Empty,Empty,Empty,NA,NA,NA,NA,NA,2,NA,,Cirro-stratus,1,NA,NA,Stratus,1,Empty,Empty,Stratus,North,1,North,1,East,1,NA,NA,NA,NA,NA,NA,NA,NA,NA,NA,At 8 PM large halo round the moon __ at 9 PM,NA,NA,NA,NA,,,,,,,,
1860-01-02,NA,NA,NA,NA,NA,NA,NA,NA,NA,NA,-16,-10,-12,NA,NA,NA,NA,NA,NA,NA,NA,Empty,Empty,Empty,NA,NA,NA,NA,NA,2,NA,NA,Cirro-stratus,4,NA,NA,Cumulus,1,NA,NA,Cumulus,East,1,East,1,East,1,NA,NA,NA,NA,NA,NA,NA,NA,NA,NA,At 9 PM.  fo halo round the fo,NA,NA,NA,NA,,,,,,,,
1860-01-03,NA,NA,NA,NA,NA,NA,NA,NA,NA,NA,-14,-12,-8,NA,NA,NA,NA,NA,NA,NA,NA,Empty,Empty,Empty,NA,NA,NA,NA,NA,4,NA,NA,Cumulus,3,NA,NA,Cumulo-stratus,1,NA,NA,Stratus,West,7,West,7,West,4,NA,NA,NA,NA,NA,NA,NA,NA,NA,NA,NA,NA,NA,NA,NA,,,,,,,,
1860-01-04,NA,NA,NA,NA,NA,NA,NA,NA,NA,NA,-12,-20,-22,NA,NA,NA,NA,NA,NA,NA,NA,Empty,Empty,Empty,NA,NA,NA,NA,NA,1,NA,NA,Stratus,0,NA,NA,0,0,NA,NA,0,East,2,East,1,0,0,NA,NA,NA,NA,NA,NA,NA,NA,NA,NA,NA,NA,NA,NA,NA,,,,,,,,
1860-01-05,NA,NA,NA,NA,NA,NA,NA,NA,NA,NA,-29,-29,-29,-29,NA,NA,NA,NA,NA,NA,NA,Empty,Empty,Empty,NA,NA,NA,NA,NA,0,NA,NA,0,0,NA,NA,0,0,NA,NA,0,0,0,0,0,0,0,NA,NA,NA,NA,NA,NA,NA,NA,NA,NA,NA,NA,NA,NA,NA,,,,,,,,
1860-01-06,NA,NA,NA,NA,NA,NA,NA,NA,NA,NA,-29,-20,-21,NA,NA,NA,NA,NA,NA,NA,NA,Empty,Empty,Empty,NA,NA,NA,NA,NA,0,NA,NA,0,1,NA,NA,Stratus,4,NA,NA,Cumulo-stratus,West,2,West,1,West,1,NA,NA,NA,NA,NA,NA,NA,NA,NA,NA,NA,NA,NA,NA,NA,,,,,,,,
1860-01-07,NA,NA,NA,NA,NA,NA,NA,NA,NA,NA,-12,-12,-18,NA,NA,NA,NA,NA,NA,NA,NA,Empty,Empty,Empty,NA,NA,NA,NA,NA,5,NA,NA,Cumulo-stratus,3,NA,NA,NA,0,NA,NA,0,North-West,3,North-West,3,West,1,NA,NA,NA,NA,NA,NA,NA,NA,NA,NA,Sun dogs on each side of sun all day,NA,NA,NA,NA,,,,,,,,
1860-01-08,NA,NA,NA,NA,NA,NA,NA,NA,NA,NA,-18,-16,-18,NA,NA,NA,NA,NA,NA,NA,NA,6:00 PM,8:00 PM,NA,NA,NA,NA,NA,NA,9,NA,NA,Cumulo-stratus,10,NA,NA,Nimbus,1,NA,NA,Stratus,East,3,East,4,East,1,NA,NA,NA,NA,NA,NA,NA,NA,NA,NA,At 11 PM aurora arch in N from NE to NW. faint yellow,[smudge] active 4,NA,NA,NA,,,,,,,,
1860-01-09,NA,NA,NA,NA,NA,NA,NA,NA,NA,NA,-8,-3,-2,NA,NA,NA,NA,NA,NA,NA,NA,5:00 PM,2:00 AM,NA,NA,NA,NA,NA,NA,7,NA,NA,Cumulus,10,NA,NA,Nimbus,10,NA,NA,Nimbus,North-West,3,North-West,3,North-West,5,NA,NA,NA,NA,NA,NA,NA,NA,NA,NA,NA,NA,NA,NA,NA,,,,,,,,
1860-01-10,NA,NA,NA,NA,NA,NA,NA,NA,NA,NA,-12,-14,-13,NA,NA,NA,NA,NA,NA,NA,NA,Empty,Empty,Empty,NA,NA,NA,NA,NA,1,NA,NA,Stratus,1,NA,NA,Stratus,2,NA,NA,Stratus,South-East,2,South-East,2,East,2,NA,NA,NA,NA,NA,NA,NA,NA,NA,NA,At 7 PM - fo in N from N E to NW bright yellow [smudge] active 5 End at 10 PM,NA,NA,NA,NA,,,,,,,,
1860-01-11,NA,NA,NA,NA,NA,NA,NA,NA,NA,NA,3,2,-2,NA,NA,NA,NA,NA,NA,NA,NA,Empty,Empty,Empty,NA,NA,NA,NA,NA,6,NA,NA,Nimbus Cumulus,4,NA,NA,Cumulo-stratus,4,NA,NA,Cumulo-stratus,North-North-East,4,West,3,West,3,NA,NA,NA,NA,NA,NA,NA,NA,NA,NA,NA,NA,NA,NA,NA,,,,,,,,
1860-01-12,NA,NA,NA,NA,NA,NA,NA,NA,NA,NA,-4,-2,-2,NA,NA,NA,NA,NA,NA,NA,NA,10:00 PM,4:00 AM,NA,NA,NA,NA,NA,NA,6,NA,NA,Nimbus Cumulus,7,NA,NA,Cumulo-stratus,9,NA,NA,Nimbus,North-North-East,4,North-West,3,North-West,3,NA,NA,NA,NA,NA,NA,NA,NA,NA,NA,9 PM Lar halio round the moon,NA,NA,NA,NA,,,,,,,,
1860-01-13,NA,NA,NA,NA,NA,NA,NA,NA,NA,NA,-2,-2,-2,NA,NA,NA,NA,NA,NA,NA,NA,Empty,Empty,Empty,NA,NA,NA,NA,NA,4,None,,Nimbus Cumulus,2,NA,NA,Stratus,7,NA,NA,Nimbus Cumulus,East,2,East,3,East,5,NA,NA,NA,NA,NA,NA,NA,NA,NA,NA,at 6 PM - fo in N faint light. End at 8 PM.,NA,NA,NA,NA,,,,,,,,
1860-01-14,NA,NA,NA,NA,NA,NA,NA,NA,NA,NA,2,2,-3,NA,NA,NA,NA,NA,NA,NA,NA,Empty,Empty,Empty,NA,NA,NA,NA,NA,4,None,,Cumulo-stratus,3,NA,NA,Cumulo-stratus,8,NA,NA,Nimbus Cumulus,East,3,East,6,North-North-West,6,NA,NA,NA,NA,NA,NA,NA,NA,NA,NA,NA,NA,NA,NA,NA,,,,,,,,
1860-01-15,NA,NA,NA,NA,NA,NA,NA,NA,NA,NA,2,3,-2,NA,NA,NA,NA,NA,NA,NA,NA,Empty,Empty,Empty,NA,NA,NA,NA,NA,9,South-South-East,2,Nimbus Cirro-stratus,7,South-South-East,2,Cumulo-stratus,1,Empty,Empty,Stratus,North-North-West,4,North-North-West,3,North-North-West,4,NA,NA,NA,NA,NA,NA,NA,NA,NA,NA,NA,NA,NA,NA,NA,,,,,,,,
1860-01-16,NA,NA,NA,NA,NA,NA,NA,NA,NA,NA,4,4,3,3.67,NA,NA,NA,NA,NA,NA,NA,5:00 PM,NA,NA,NA,NA,NA,NA,NA,10,None,,Nimbus,10,NA,NA,Nimbus,10,NA,NA,Nimbus,North-North-West,1,North-North-West,3,North-West,7,NA,NA,NA,NA,NA,NA,NA,NA,NA,NA,NA,NA,NA,NA,NA,,,,,,,,
1860-01-17,NA,NA,NA,NA,NA,NA,NA,NA,NA,NA,-4,-4,-5,NA,NA,NA,NA,NA,NA,NA,NA,NA,3:00 PM,NA,NA,NA,NA,NA,NA,10,None,,Nimbus,10,NA,,Nimbus,6,NA,NA,Nimbus,North-North-West,8,North-North-West,4,North-West,7,NA,NA,NA,NA,NA,NA,NA,NA,NA,NA,NA,NA,NA,NA,NA,,,,,,,,
1860-01-18,NA,NA,NA,NA,NA,NA,NA,NA,NA,NA,-4,-4,-4,NA,NA,NA,NA,NA,NA,NA,NA,Empty,Empty,Empty,Empty,NA,NA,NA,NA,10,None,,Nimbus,9,NA,NA,Stratus Nimbus,8,NA,NA,Nimbus,North-North-West,7,North-West,6,North-West,4,NA,NA,NA,NA,NA,NA,NA,NA,NA,NA,NA,NA,NA,NA,NA,,,,,,,,
1860-01-19,NA,NA,NA,NA,NA,NA,NA,NA,NA,NA,-2,-2,-3,NA,NA,NA,NA,NA,NA,NA,NA,Empty,Empty,Empty,NA,NA,NA,NA,NA,8,None,,Cumulo-stratus,7,NA,NA,Cumulus,5,Empty,Empty,Nimbus Cumulus,North-North-West,4,North-West,4,North-West,4,NA,NA,NA,NA,NA,NA,NA,NA,NA,NA,at 11 PM - Streamers all over the sky. pale yellow 2 active 0. at 9 PM Large halis round the moon.,NA,NA,NA,NA,,,,,,,,
1860-01-20,NA,NA,NA,NA,NA,NA,NA,NA,NA,NA,-13,-10,-7,NA,NA,NA,NA,NA,NA,NA,NA,Empty,Empty,Empty,NA,NA,NA,NA,NA,8,None,,Cumulo-stratus,8,NA,NA,Cumulus,9,NA,NA,Nimbus Cumulus,North-North-West,2,0,0,North-West,1,NA,NA,NA,NA,NA,NA,NA,NA,NA,NA,NA,NA,NA,NA,NA,,,,,,,,
1860-01-21,NA,NA,NA,NA,NA,NA,NA,NA,NA,NA,-16,-14,-16,NA,NA,NA,NA,NA,NA,NA,NA,Empty,Empty,Empty,NA,NA,NA,NA,NA,7,None,,Cumulo-stratus,7,NA,NA,Cumulo-stratus,8,NA,NA,Nimbus Cumulus,North-North-West,1,North-West,2,North-West,2,NA,NA,NA,NA,NA,NA,NA,NA,NA,NA,NA,NA,NA,NA,NA,,,,,,,,
1860-01-22,NA,NA,NA,NA,NA,NA,NA,NA,NA,NA,-20,-14,-4,NA,NA,NA,NA,NA,NA,NA,NA,7:00 PM,10:00 PM,NA,NA,NA,NA,NA,NA,7,None,,Nimbus,7,NA,NA,Nimbus Cumulus,7,NA,NA,Nimbus Cumulus,North-North-West,3,North-West,4,North-West,4,NA,NA,NA,NA,NA,NA,NA,NA,NA,NA,NA,NA,NA,NA,NA,,,,,,,,
1860-01-23,NA,NA,NA,NA,NA,NA,NA,NA,NA,NA,-16,-17,-19,NA,NA,NA,NA,NA,NA,NA,NA,8:00 PM,NA,NA,NA,NA,NA,NA,NA,8,None,,Nimbus,3,NA,NA,Nimbus Cumulus,10,NA,NA,Nimbus,North-North-West,2,North-West,2,South-East,4,NA,NA,NA,NA,NA,NA,NA,NA,NA,NA,NA,NA,NA,NA,NA,,,,,,,,
1860-01-24,NA,NA,NA,NA,NA,NA,NA,NA,NA,NA,-26,-14,-16,NA,NA,NA,NA,NA,NA,NA,NA,Empty,8:00 AM,NA,NA,NA,NA,NA,NA,10,None,,Nimbus,7,NA,NA,Cumulus,4,NA,NA,Cumulus,North-North-West,4,North-West,5,North-West,3,NA,NA,NA,NA,NA,NA,NA,NA,NA,NA,at 7 PM - arch in N from NE to NW bright yellow 4 active 9 End at 9 PM.,continued at 12 fo in S E to W bright uellow 4 active 10. End at 1 am,NA,NA,NA,,,,,,,,
1860-01-25,NA,NA,NA,NA,NA,NA,NA,NA,NA,NA,-16,-14,-17,NA,NA,NA,NA,NA,NA,NA,NA,Empty,Empty,Empty,NA,NA,NA,NA,NA,4,None,,Cumulo-stratus,6,NA,NA,Cumulo-stratus,9,NA,NA,Nimbus,North-North-West,1,North-West,1,North-East,1,NA,NA,NA,NA,NA,NA,NA,NA,NA,NA,at 12. haze in zenith,at 10 PM large parhelia round the sun,NA,NA,NA,,,,,,,,
1860-01-26,NA,NA,NA,NA,NA,NA,NA,NA,NA,NA,-18,-24,-26,NA,NA,NA,NA,NA,NA,NA,NA,Empty,Empty,Empty,NA,NA,NA,NA,NA,7,None,,Nimbus Cumulus,5,NA,NA,Cumulo-stratus,6,NA,NA,Nimbus Cumulus,North-North-West,5,North-West,6,North-West,6,NA,NA,NA,NA,NA,NA,NA,NA,NA,NA,NA,NA,NA,NA,NA,,,,,,,,
1860-01-27,NA,NA,NA,NA,NA,NA,NA,NA,NA,NA,-30,-18,-20,NA,NA,NA,NA,NA,NA,NA,NA,Empty,Empty,Empty,NA,NA,NA,NA,NA,4,None,,Cumulo-stratus,1,NA,NA,Stratus,0,NA,NA,0,North-North-West,3,North-West,1,0,0,NA,NA,NA,NA,NA,NA,NA,NA,NA,NA,NA,NA,NA,NA,NA,,,,,,,,
1860-01-28,NA,NA,NA,NA,NA,NA,NA,NA,NA,NA,-13,-13,-16,NA,NA,NA,NA,NA,NA,NA,NA,Empty,Empty,Empty,NA,NA,NA,NA,NA,1,None,,Stratus,1,NA,NA,Stratus,0,NA,NA,0,North-North-West,1,North-West,1,East,1,NA,NA,NA,NA,NA,NA,NA,NA,NA,NA,NA,NA,NA,NA,NA,,,,,,,,
1860-01-29,NA,NA,NA,NA,NA,NA,NA,NA,NA,NA,-16,-14,-16,NA,NA,NA,NA,NA,NA,NA,NA,8:00 PM,1:00 AM,NA,NA,NA,NA,NA,NA,2,None,,Cumulo-stratus,4,NA,NA,Cumulo-stratus,10,NA,NA,Nimbus,East,3,East,4,East,6,NA,NA,NA,NA,NA,NA,NA,NA,NA,NA,NA,NA,NA,NA,NA,,,,,,,,
1860-01-30,NA,NA,NA,NA,NA,NA,NA,NA,NA,NA,-20,-19,-18,NA,NA,NA,NA,NA,NA,NA,NA,Empty,Empty,Empty,NA,NA,NA,NA,NA,4,NA,NA,Cumulo-stratus,7,NA,NA,Cumulus,4,NA,NA,Cumulo-stratus,North-West,4,North-West,4,North-West,7,NA,NA,NA,NA,NA,NA,NA,NA,NA,NA,at 2 PM large parhelia round the sun,NA,NA,NA,NA,,,,,,,,
1860-01-31,NA,NA,NA,NA,NA,NA,NA,NA,NA,NA,-22,-20,-22,NA,NA,NA,NA,NA,NA,NA,NA,Empty,Empty,Empty,NA,NA,NA,NA,NA,4,NA,NA,Cumulo-stratus,4,NA,,Cumulo-stratus,7,NA,NA,Cumulo-stratus,North-West,3,North-West,3,North-West,3,NA,NA,NA,NA,NA,NA,NA,NA,NA,NA,at 11 PM aurora circle. Bright yellow 4 active 7. at 12 haze all over the sky.,NA,NA,NA,NA,,,,,,,,
1860-02-01,NA,NA,NA,NA,NA,NA,NA,NA,NA,NA,-35,-24,-21,-26.6,NA,NA,NA,NA,NA,NA,Empty,Empty,Empty,Empty,Empty,NA,NA,NA,NA,3,NA,6,Cumulo-stratus,3,NA,NA,Cumulo-stratus,Empty,NA,,Empty,North-West,3,North-West,4,South-East,4,NA,NA,NA,NA,NA,NA,NA,NA,NA,NA,NA,NA,NA,NA,NA,,,,,,,,
1860-02-02,NA,NA,NA,NA,NA,NA,NA,NA,NA,NA,-10,-8,-9,-9,NA,NA,NA,NA,NA,NA,snow,10:00 AM,Empty,Empty,Empty,NA,NA,NA,NA,7,NA,10,Nimbus Cumulus,10,NA,NA,Nimbus,Empty,NA,NA,Empty,West,3,West,7,West,8,NA,NA,NA,NA,NA,NA,NA,NA,NA,NA,NA,NA,NA,NA,NA,,,,,,,,
1860-02-03,NA,NA,NA,NA,NA,NA,NA,NA,NA,NA,-10,-10,-14,-11.3,NA,NA,NA,NA,NA,NA,snow?,Empty,4:00 AM,Empty,2,NA,NA,NA,NA,5,NA,4,Cirro-stratus,1,NA,NA,Stratus,Empty,NA,NA,Empty,West,2,West,1,West,1,NA,NA,NA,NA,NA,NA,NA,NA,NA,NA,Aurora from E to W. Began at 9 PM Colors not bright.,NA,NA,NA,NA,,,,,,,,
1860-02-04,NA,NA,NA,NA,NA,NA,NA,NA,NA,NA,-39,-32,-32,-34.33,NA,NA,NA,NA,NA,NA,Empty,Empty,Empty,Empty,Empty,NA,NA,NA,NA,1,NA,1,Stratus,0,NA,NA,0,Empty,NA,NA,Empty,North-West,1,0,0,North-West,1,NA,NA,NA,NA,NA,NA,NA,NA,NA,NA,Aurora in faint patches from 7 to 9 o'clock,NA,NA,NA,NA,,,,,,,,
1860-02-05,NA,NA,NA,NA,NA,NA,NA,NA,NA,NA,-8,-8,-8,-8,NA,NA,NA,NA,NA,NA,snow,4:00 PM,Empty,Empty,Empty,NA,NA,NA,NA,9,Empty,10,Nimbus,10,None,,Nimbus,Empty,NA,NA,Empty,North-West,1,South-East,4,East,7,NA,NA,NA,NA,NA,NA,NA,NA,NA,NA,NA,NA,NA,NA,NA,,,,,,,,
1860-02-06,NA,NA,NA,NA,NA,NA,NA,NA,NA,NA,-17,-16,-20,-17.6,NA,NA,NA,NA,NA,NA,snow,7:00 PM,Empty,Empty,6,NA,NA,NA,NA,10,NA,10,Nimbus,4,NA,NA,Cumulo-stratus,Empty,NA,NA,Empty,East,8,East,8,East,7,NA,NA,NA,NA,NA,NA,NA,NA,NA,NA,NA,NA,NA,NA,NA,,,,,,,,
1860-02-07,NA,NA,NA,NA,NA,NA,NA,NA,NA,NA,-8,-6,-8,-7.3,NA,NA,NA,NA,NA,NA,Empty,Empty,Empty,Empty,Empty,NA,NA,NA,NA,4,NA,8,Cumulo-stratus,4,NA,NA,Cumulo-stratus,Empty,NA,NA,Empty,East,1,East,2,North,2,NA,NA,NA,NA,NA,NA,NA,NA,NA,NA,Aurora in the North. hazy. from 7 to 10 1/2,NA,NA,NA,NA,,,,,,,,
1860-02-08,NA,NA,NA,NA,NA,NA,NA,NA,NA,NA,-6,-3,-7,-5.3,NA,NA,NA,NA,NA,NA,Empty,Empty,Empty,Empty,Empty,NA,NA,NA,NA,5,None,3,Cumulo-stratus,1,NA,NA,Stratus,NA,NA,NA,NA,North,1,0,0,0,0,NA,NA,NA,NA,NA,NA,NA,NA,NA,NA,NA,NA,NA,NA,NA,,,,,,,,
1860-02-09,NA,NA,NA,NA,NA,NA,NA,NA,NA,NA,-4,-3,-2,-3,NA,NA,NA,NA,NA,NA,Empty,Empty,Empty,Empty,Empty,NA,NA,NA,NA,2,None,4,Cumulo-stratus,9,NA,NA,Nimbus,Empty,NA,NA,Empty,North,1,North,1,North-West,2,NA,NA,NA,NA,NA,NA,NA,NA,NA,NA,NA,NA,NA,NA,NA,,,,,,,,
1860-02-10,NA,NA,NA,NA,NA,NA,NA,NA,NA,NA,-2,-2,2,-0.6,NA,NA,NA,NA,NA,NA,Empty,Empty,Empty,Empty,Empty,NA,NA,NA,NA,10,None,10,Nimbus,10,NA,NA,Nimbus,Empty,NA,NA,NA,North,1,0,0,0,0,NA,NA,NA,NA,NA,NA,NA,NA,NA,NA,NA,NA,NA,NA,NA,,,,,,,,
1860-02-11,NA,NA,NA,NA,NA,NA,NA,NA,NA,NA,-2,6,1,1.6,NA,NA,NA,NA,NA,NA,Empty,Empty,Empty,Empty,Empty,NA,NA,NA,NA,9,None,9,Nimbus,7,None,,Nimbus,Empty,NA,NA,NA,North,1,North,1,North-West,2,NA,NA,NA,NA,NA,NA,NA,NA,NA,NA,NA,NA,NA,NA,NA,,,,,,,,
1860-02-12,NA,NA,NA,NA,NA,NA,NA,NA,NA,NA,-2,2,2,0.6,NA,NA,NA,NA,NA,NA,NA,NA,NA,NA,NA,NA,NA,NA,NA,9,None,7,Cumulus,7,NA,NA,Cumulus,Empty,NA,NA,NA,North,3,North,2,North,2,NA,NA,NA,NA,NA,NA,NA,NA,NA,NA,NA,NA,NA,NA,NA,,,,,,,,
1860-02-13,NA,NA,NA,NA,NA,NA,NA,NA,NA,NA,-2,2,3,1,NA,NA,NA,NA,NA,NA,snow,7:00 AM,2:00 PM,Empty,1,NA,NA,NA,NA,10,None,10,Nimbus,8,NA,NA,Nimbus,Empty,NA,NA,NA,East,2,East,3,East,2,NA,NA,NA,NA,NA,NA,NA,NA,NA,NA,Aurora from NW to SE pale yellow. From 7 to 10,NA,NA,NA,NA,,,,,,,,
1860-02-14,NA,NA,NA,NA,NA,NA,NA,NA,NA,NA,2,3,-3,0.6,NA,NA,NA,NA,NA,NA,Empty,Empty,Empty,Empty,Empty,NA,NA,NA,NA,3,Empty,2,Cumulus Cumulo-stratus,0,NA,,0,Empty,NA,NA,NA,East,1,East,2,North-West,2,NA,NA,NA,NA,NA,NA,NA,NA,NA,NA,NA,NA,NA,NA,NA,,,,,,,,
1860-02-15,NA,NA,NA,NA,NA,NA,NA,NA,NA,NA,-10,-5,6,-3,NA,NA,NA,NA,NA,NA,snow,9:00 PM,Empty,Empty,Empty,NA,NA,NA,NA,2,None,7,Nimbus Cumulus,10,None,,Nimbus,Empty,NA,NA,NA,East,2,East,4,East,6,NA,NA,NA,NA,NA,NA,NA,NA,NA,NA,Parhelia quarter part of the day,NA,NA,NA,NA,,,,,,,,
1860-02-16,NA,NA,NA,NA,NA,NA,NA,NA,NA,NA,2,12,-2,1,NA,NA,NA,NA,NA,NA,snow,Empty,4:00 AM,Empty,1 1/8,NA,NA,NA,NA,4,None,2,Cumulus,2,None,,Cumulo-stratus,Empty,NA,NA,NA,East,4,East,4,East,2,NA,NA,NA,NA,NA,NA,NA,NA,NA,NA,Aurora in N. pale yellow. motion from E to W. ended at 11 PM.,NA,NA,NA,NA,,,,,,,,
1860-02-17,NA,NA,NA,NA,NA,NA,NA,NA,NA,NA,2,4,-2,1.3,NA,NA,NA,NA,NA,NA,NA,NA,NA,NA,NA,NA,NA,NA,NA,2,Empty,2,Stratus,1,None,,Stratus,Empty,NA,NA,NA,North-West,6,North-West,3,North-West,3,NA,NA,NA,NA,NA,NA,NA,NA,NA,NA,NA,NA,NA,NA,NA,,,,,,,,
1860-02-18,NA,NA,NA,NA,NA,NA,NA,NA,NA,NA,-12,-2,3,-3.6,NA,NA,NA,NA,NA,NA,Empty,Empty,Empty,Empty,Empty,NA,NA,NA,NA,1,None,4,Stratus Cumulus,7,None,,Cumulus,Empty,NA,NA,NA,North-West,3,North-West,3,North-West,1,NA,NA,NA,NA,NA,NA,NA,NA,NA,NA,NA,NA,NA,NA,NA,,,,,,,,
1860-02-19,NA,NA,NA,NA,NA,NA,NA,NA,NA,NA,-10,-2,-12,-8,NA,NA,NA,NA,NA,NA,Empty,Empty,Empty,Empty,Empty,NA,NA,NA,NA,2,None,3,Stratus Cumulus,5,None,,Cumulo-stratus,Empty,NA,NA,NA,West-North-West,1,North-West,2,North-West,2,NA,NA,NA,NA,NA,NA,NA,NA,NA,NA,Lunar Halo. visible 2 hours.,NA,NA,NA,NA,,,,,,,,
1860-02-20,NA,NA,NA,NA,NA,NA,NA,NA,NA,NA,-24,-10,-2,-12,NA,NA,NA,NA,NA,NA,Empty,Empty,Empty,Empty,Empty,NA,NA,NA,NA,4,None,4,Cumulus,9,None,,Cumulus,Empty,NA,NA,NA,East,3,North-East,4,East,3,NA,NA,NA,NA,NA,NA,NA,NA,NA,NA,NA,NA,NA,NA,NA,,,,,,,,
1860-02-21,NA,NA,NA,NA,NA,NA,NA,NA,NA,NA,-17,-13,-17,-15.6,NA,NA,NA,NA,NA,NA,Empty,Empty,Empty,Empty,Empty,NA,NA,NA,NA,5,None,6,Cumulo-stratus,0,None,,0,Empty,NA,NA,NA,East,3,East,2,0,0,NA,NA,NA,NA,NA,NA,NA,NA,NA,NA,NA,NA,NA,NA,NA,,,,,,,,
1860-02-22,NA,NA,NA,NA,NA,NA,NA,NA,NA,NA,-24,-2,2,-8,NA,NA,NA,NA,NA,NA,Empty,Empty,Empty,Empty,Empty,NA,NA,NA,NA,10,None,4,Nimbus Cumulo-stratus,3,None,Empty,Cumulo-stratus,Empty,NA,NA,NA,East,2,East,1,North-West,1,NA,NA,NA,NA,NA,NA,NA,NA,NA,NA,NA,NA,NA,NA,NA,,,,,,,,
1860-02-23,NA,NA,NA,NA,NA,NA,NA,NA,NA,NA,-4,4,2,0.6,NA,NA,NA,NA,NA,NA,Empty,Empty,Empty,Empty,Empty,NA,NA,NA,NA,9,None,5,Nimbus Cumulus,9,None,,Nimbus,Empty,NA,NA,NA,North-West,1,North-West,2,East,1,NA,NA,NA,NA,NA,NA,NA,NA,NA,NA,Lunar Halo at 7 o'clock,NA,NA,NA,NA,,,,,,,,
1860-02-24,NA,NA,NA,NA,NA,NA,NA,NA,NA,NA,-4,9,3,2.6,NA,NA,NA,NA,NA,NA,Empty,Empty,Empty,Empty,Empty,NA,NA,NA,NA,8,None,7,Nimbus Cumulus,10,None,,Nimbus,Empty,NA,NA,NA,East,2,East,2,East,1,NA,NA,NA,NA,NA,NA,NA,NA,NA,NA,NA,NA,NA,NA,NA,,,,,,,,
1860-02-25,NA,NA,NA,NA,NA,NA,NA,NA,NA,NA,-3,10,7,4.6,NA,NA,NA,NA,NA,NA,Empty,Empty,Empty,Empty,Empty,NA,NA,NA,NA,8,None,8,Cumulus,7,None,,Cumulus,NA,NA,NA,NA,East,2,East,2,East,1,NA,NA,NA,NA,NA,NA,NA,NA,NA,NA,NA,NA,NA,NA,NA,,,,,,,,
1860-02-26,NA,NA,NA,NA,NA,NA,NA,NA,NA,NA,10,14,4,9.33,NA,NA,NA,NA,NA,NA,Empty,Empty,Empty,Empty,Empty,NA,NA,NA,NA,3,None,4,Cumulus Cirro-stratus,1,None,,Stratus,NA,NA,NA,NA,East,2,East,3,East,2,NA,NA,NA,NA,NA,NA,NA,NA,NA,NA,NA,NA,NA,NA,NA,,,,,,,,
1860-02-27,NA,NA,NA,NA,NA,NA,NA,NA,NA,NA,-4,12,2,3.3,NA,NA,NA,NA,NA,NA,snow,7:00 PM,Empty,Empty,Empty,NA,NA,NA,NA,3,None,5,Cumulus,10,None,,Nimbus,NA,NA,NA,NA,East,2,East,2,East,4,NA,NA,NA,NA,NA,NA,NA,NA,NA,NA,Parhelia in the afternoon.,NA,NA,NA,NA,,,,,,,,
1860-02-28,NA,NA,NA,NA,NA,NA,NA,NA,NA,NA,-20,22,-4,-0.6,NA,NA,NA,NA,NA,NA,snow,Empty,3:00 PM,Empty,3,NA,NA,NA,NA,10,None,7,Stratus Nimbus,1,None,,Stratus,NA,NA,NA,NA,North-West,6,North-West,6,North-West,2,NA,NA,NA,NA,NA,NA,NA,NA,NA,NA,Aurora all over the sky. Motion quick from NE to SW,NA,NA,NA,NA,,,,,,,,
1860-02-29,NA,NA,NA,NA,NA,NA,NA,NA,NA,NA,NA,NA,NA,NA,NA,NA,NA,NA,NA,NA,NA,NA,NA,NA,NA,NA,NA,NA,NA,Empty,Empty,Empty,Empty,Empty,Empty,Empty,Empty,NA,NA,NA,NA,Empty,Empty,Empty,Empty,Empty,Empty,NA,NA,NA,NA,NA,NA,NA,NA,NA,NA,NA,NA,NA,NA,NA,,,,,,,,
1860-03-01,NA,NA,NA,NA,NA,NA,NA,NA,NA,NA,2,14,-6,3.3,NA,NA,NA,NA,NA,NA,Empty,Empty,Empty,Empty,NA,NA,NA,NA,NA,1,NA,,Stratus,1,NA,NA,Stratus,0,NA,NA,0,North-North-West,1,North-North-West,1,0,0,NA,NA,NA,NA,NA,NA,NA,NA,NA,NA,Aurora in N and E much scattered. Motion from W to E. Began at 7 ended at 10 1/2,NA,NA,NA,NA,,,,,,,,
1860-03-02,NA,NA,NA,NA,NA,NA,NA,NA,NA,NA,-10,18,8,5.3,NA,NA,NA,NA,NA,NA,NA,Empty,Empty,Empty,NA,NA,NA,NA,NA,1,NA,NA,Stratus,2,NA,NA,Cumulus,4,NA,NA,Cumulus,North-North-West,3,North-North-West,3,North-West,0,NA,NA,NA,NA,NA,NA,NA,NA,NA,NA,Aurora all over the sky northerned. from 8 to 11 o'clock,NA,NA,NA,NA,,,,,,,,
1860-03-03,NA,NA,NA,NA,NA,NA,NA,NA,NA,NA,10,24,16,16.6,NA,NA,NA,NA,NA,NA,NA,Empty,Empty,Empty,NA,NA,NA,NA,NA,6,NA,NA,Cumulo-stratus,5,NA,NA,Cumulo-stratus,4,NA,NA,Stratus,North-North-West,3,North-North-West,3,0,0,NA,NA,NA,NA,NA,NA,NA,NA,NA,NA,NA,NA,NA,NA,NA,,,,,,,,
1860-03-04,NA,NA,NA,NA,NA,NA,NA,NA,NA,NA,20,29,18,22.3,NA,NA,NA,NA,NA,NA,NA,Empty,Empty,Empty,NA,NA,NA,NA,NA,7,NA,NA,Cumulo-stratus,8,NA,NA,Cumulus,10,NA,NA,Nimbus,North-North-West,4,North-North-West,4,North-West,1,NA,NA,NA,NA,NA,NA,NA,NA,NA,NA,Parhelia at 7 AM,NA,NA,NA,NA,,,,,,,,
1860-03-05,NA,NA,NA,NA,NA,NA,NA,NA,NA,NA,10,16,8,11.3,NA,NA,NA,NA,NA,NA,NA,7:00 PM,Retracted,NA,NA,NA,NA,NA,NA,8,NA,NA,Cumulus,9,NA,NA,Cumulus,10,NA,NA,Nimbus,East,4,East,3,East,1,NA,NA,NA,NA,NA,NA,NA,NA,NA,NA,NA,NA,NA,NA,NA,,,,,,,,
1860-03-06,NA,NA,NA,NA,NA,NA,NA,NA,NA,NA,9,8,-14,1.6,NA,NA,NA,NA,NA,NA,,Retracted,8:00 PM,,3.125,NA,NA,NA,NA,10,NA,NA,Nimbus,10,NA,NA,Nimbus,8,NA,NA,Cumulus,North-West,6,North-West,7,North-North-West,6,NA,NA,NA,NA,NA,NA,NA,NA,NA,NA,NA,NA,NA,NA,NA,,,,,,,,
1860-03-07,NA,NA,NA,NA,NA,NA,NA,NA,NA,NA,-3,3,-4,-1.3,NA,NA,NA,NA,NA,NA,NA,Empty,Empty,Empty,NA,NA,NA,NA,NA,7,NA,NA,Cumulo-stratus,7,NA,NA,Nimbus,9,NA,NA,Nimbus,North-West,7,North-West,6,North,3,NA,NA,NA,NA,NA,NA,NA,NA,NA,NA,NA,NA,NA,NA,NA,,,,,,,,
1860-03-08,NA,NA,NA,NA,NA,NA,NA,NA,NA,NA,-6,-4,-4,-4.6,NA,NA,NA,NA,NA,NA,NA,Empty,Empty,Empty,NA,NA,NA,NA,NA,10,NA,NA,Nimbus,5,NA,NA,Nimbus,4,NA,NA,Cumulus,North,7,North,7,North,6,NA,NA,NA,NA,NA,NA,NA,NA,NA,NA,NA,NA,NA,NA,NA,,,,,,,,
1860-03-09,NA,NA,NA,NA,NA,NA,NA,NA,NA,NA,-16,-12,-15,-14.33,NA,NA,NA,NA,NA,NA,NA,Empty,Empty,Empty,NA,NA,NA,NA,NA,4,NA,NA,Cumulus,4,NA,NA,Nimbus,1,NA,,Stratus,North,6,North,6,North,1,NA,NA,NA,NA,NA,NA,NA,NA,NA,NA,Aurora in E very faint. Parhelia at 4 PM.,NA,NA,NA,NA,,,,,,,,
1860-03-10,NA,NA,NA,NA,NA,NA,NA,NA,NA,NA,-15,2,-2,-5,NA,NA,NA,NA,NA,NA,NA,7:00 PM,10:00 PM,NA,0.25,NA,NA,NA,NA,7,NA,NA,Cumulus,3,NA,NA,Cumulus,5,NA,,Cumulus,North,1,North,1,East,4,NA,NA,NA,NA,NA,NA,NA,NA,NA,NA,NA,NA,NA,NA,NA,,,,,,,,
1860-03-11,NA,NA,NA,NA,NA,NA,NA,NA,NA,NA,-4,2,-2,-1.3,NA,NA,NA,NA,NA,NA,,Empty,Empty,Empty,,NA,NA,NA,NA,7,NA,NA,Cumulus,5,NA,NA,Cumulus,7,NA,NA,Cumulo-stratus,East,1,East,3,East,4,NA,NA,NA,NA,NA,NA,NA,NA,NA,NA,Aurora. A large arch running SE and NW color greenish. slight motion. from 7 to 11 o'clock,NA,NA,NA,NA,,,,,,,,
1860-03-12,NA,NA,NA,NA,NA,NA,NA,NA,NA,NA,-2,10,8,5.3,NA,NA,NA,NA,NA,NA,NA,7:00 PM,9:00 PM,NA,0.125,NA,NA,NA,NA,1,NA,NA,Stratus,3,NA,NA,Cirrus,4,NA,NA,Cumulus,East,1,East,2,East,3,NA,NA,NA,NA,NA,NA,NA,NA,NA,NA,NA,NA,NA,NA,NA,,,,,,,,
1860-03-13,NA,NA,NA,NA,NA,NA,NA,NA,NA,NA,-2,10,8,5.3,NA,NA,NA,NA,NA,NA,NA,Empty,Empty,Empty,NA,NA,NA,NA,NA,6,NA,NA,Cumulo-stratus,2,NA,NA,Cirro-stratus,8,NA,NA,Nimbus,North-West,2,North-West,2,North-West,1,NA,NA,NA,NA,NA,NA,NA,NA,NA,NA,NA,NA,NA,NA,NA,,,,,,,,
1860-03-14,NA,NA,NA,NA,NA,NA,NA,NA,NA,NA,14,18,16,16,NA,NA,NA,NA,NA,NA,NA,4:00 AM,Retracted,NA,NA,NA,NA,NA,NA,10,NA,NA,Nimbus,10,NA,NA,Nimbus,10,NA,NA,Nimbus,North-West,4,North-West,4,East,1,NA,NA,NA,NA,NA,NA,NA,NA,NA,NA,NA,NA,NA,NA,NA,,,,,,,,
1860-03-15,NA,NA,NA,NA,NA,NA,NA,NA,NA,NA,10,12,2,8,NA,NA,NA,NA,NA,NA,NA,Retracted,1:00 PM,NA,8,NA,NA,NA,NA,10,NA,NA,Nimbus,2,NA,NA,Cumulo-stratus,4,NA,NA,Cumulus,North-West,2,North-West,3,West,1,NA,NA,NA,NA,NA,NA,NA,NA,NA,NA,Aurora NW + SE color faint yellow. Motion eastern from 6 1/2 to 10.,NA,NA,NA,NA,,,,,,,,
1860-03-16,NA,NA,NA,NA,NA,NA,NA,NA,NA,NA,10,20,8,2.6,NA,NA,NA,NA,NA,NA,NA,Empty,Empty,Empty,NA,NA,NA,NA,NA,7,North-West,1,Cumulus,2,North-West,1,Cumulo-stratus,2,NA,NA,Cumulo-stratus,North-West,1,North-West,2,North-West,1,NA,NA,NA,NA,NA,NA,NA,NA,NA,NA,NA,NA,NA,NA,NA,,,,,,,,
1860-03-17,NA,NA,NA,NA,NA,NA,NA,NA,NA,NA,10,26,10,15.3,NA,NA,NA,NA,NA,NA,NA,Empty,Empty,Empty,NA,NA,NA,NA,NA,2,NA,NA,Stratus,3,NA,NA,Cirro-stratus,1,NA,NA,Stratus,North-West,1,North-West,1,North-West,2,NA,NA,NA,NA,NA,NA,NA,NA,NA,NA,Aurora in faint patches northern.,NA,NA,NA,NA,,,,,,,,
1860-03-18,NA,NA,NA,NA,NA,NA,NA,NA,NA,NA,12,27,12,17,NA,NA,NA,NA,NA,NA,NA,Empty,Empty,Empty,NA,NA,NA,NA,NA,1,NA,NA,Stratus,2,NA,NA,Stratus,2,NA,NA,Cumulo-stratus,North-West,1,West,2,North-West,2,NA,NA,NA,NA,NA,NA,NA,NA,NA,NA,NA,NA,NA,NA,NA,,,,,,,,
1860-03-19,NA,NA,NA,NA,NA,NA,NA,NA,NA,NA,13,29,21,21,NA,NA,NA,NA,NA,NA,NA,Empty,Empty,Empty,NA,NA,NA,NA,NA,4,NA,NA,Cumulo-stratus,7,North-West,5,Cumulus,5,North-West,5,Cumulus,North-West,1,North-West,1,North-West,4,NA,NA,NA,NA,NA,NA,NA,NA,NA,NA,Aurora in N. Curves. pale yellow. Motion rapid. From 8 to 12. Lunar Halo at 7 PM.,NA,NA,NA,NA,,,,,,,,
1860-03-20,NA,NA,NA,NA,NA,NA,NA,NA,NA,NA,12,14,-3,7.6,NA,NA,NA,NA,NA,NA,NA,Empty,Empty,Empty,NA,NA,NA,NA,NA,2,NA,NA,Cumulo-stratus,3,NA,NA,Cirro-cumulus,1,NA,NA,Stratus,North-West,4,North-West,3,North-West,1,NA,NA,NA,NA,NA,NA,NA,NA,NA,NA,NA,NA,NA,NA,NA,,,,,,,,
1860-03-21,NA,NA,NA,NA,NA,NA,NA,NA,NA,NA,14,22,-2,11.3,NA,NA,NA,NA,NA,NA,NA,Empty,Empty,Empty,NA,NA,NA,NA,NA,1,NA,NA,Cumulo-stratus,2,NA,NA,Cirro-cumulus,1,NA,NA,Stratus,North-West,1,North-West,4,North-West,2,NA,NA,NA,NA,NA,NA,NA,NA,NA,NA,NA,NA,NA,NA,NA,,,,,,,,
1860-03-22,NA,NA,NA,NA,NA,NA,NA,NA,NA,NA,-2,12,-2,4,NA,NA,NA,NA,NA,NA,NA,Empty,Empty,Empty,NA,NA,NA,NA,NA,4,NA,NA,Cumulo-stratus,3,NA,NA,Cumulus,3,NA,NA,Cumulus,North-West,1,North-West,2,0,0,NA,NA,NA,NA,NA,NA,NA,NA,NA,NA,Parhelia in the afternoon.,NA,NA,NA,NA,,,,,,,,
1860-03-23,NA,NA,NA,NA,NA,NA,NA,NA,NA,NA,-4,10,3,3,NA,NA,NA,NA,NA,NA,NA,7:00 AM,NA,NA,light snow,light snow,NA,NA,NA,10,NA,NA,Nimbus,2,NA,NA,Cumulus,1,NA,NA,Stratus,0,0,North-West,3,North-West,3,NA,NA,NA,NA,NA,NA,NA,NA,NA,NA,NA,NA,NA,NA,NA,,,,,,,,
1860-03-24,NA,NA,NA,NA,NA,NA,NA,NA,NA,NA,-2,12,8,6,NA,NA,NA,NA,NA,NA,NA,Empty,Empty,Empty,NA,NA,NA,NA,NA,5,NA,NA,Cumulus,6,NA,NA,Cumulus,9,NA,NA,Nimbus,North-East,2,East,4,East,4,NA,NA,NA,NA,NA,NA,NA,NA,NA,NA,Aurora in S an E. Motion to NW from 7 to 9,NA,NA,NA,NA,,,,,,,,
1860-03-25,NA,NA,NA,NA,NA,NA,NA,NA,NA,NA,8,14,-3,6.3,NA,NA,NA,NA,NA,NA,NA,Empty,Empty,Empty,NA,NA,NA,NA,NA,2,NA,NA,Stratus,1,NA,NA,Stratus,2,NA,NA,Cumulo-stratus,North-East,2,East,1,East,1,NA,NA,NA,NA,NA,NA,NA,NA,NA,NA,Lunar Halo,NA,NA,NA,NA,,,,,,,,
1860-03-26,NA,NA,NA,NA,NA,NA,NA,NA,NA,NA,8,20,14,14,NA,NA,NA,NA,NA,NA,NA,Empty,Empty,Empty,NA,NA,NA,NA,NA,1,NA,NA,Cumulus,3,NA,NA,Cumulus,4,NA,NA,Cumulus,0,0,North-West,1,0,0,NA,NA,NA,NA,NA,NA,NA,NA,NA,NA,NA,NA,NA,NA,NA,,,,,,,,
1860-03-27,NA,NA,NA,NA,NA,NA,NA,NA,NA,NA,9,20,8,12.3,NA,NA,NA,NA,NA,NA,NA,Empty,Empty,Empty,NA,NA,NA,NA,NA,8,NA,NA,Nimbus,6,NA,NA,Cumulus,4,NA,NA,Cumulus,South-West,2,West,4,West,3,NA,NA,NA,NA,NA,NA,NA,NA,NA,NA,A Snow bird seen,NA,NA,NA,NA,,,,,,,,
1860-03-28,NA,NA,NA,NA,NA,NA,NA,NA,NA,NA,-11,8,-4,-2.3,NA,NA,NA,NA,NA,NA,NA,Empty,Empty,Empty,NA,NA,NA,NA,NA,4,NA,NA,Cirro-cumulus,4,NA,NA,Cirro-stratus,1,NA,NA,Stratus,South-West,4,West,3,West,1,NA,NA,NA,NA,NA,NA,NA,NA,NA,NA,NA,NA,NA,NA,NA,,,,,,,,
1860-03-29,NA,NA,NA,NA,NA,NA,NA,NA,NA,NA,-11,1,-2,-4,NA,NA,NA,NA,NA,NA,NA,Empty,Empty,Empty,NA,NA,NA,NA,NA,8,NA,NA,Nimbus,4,NA,NA,Cirro-stratus,10,NA,NA,Nimbus,East,6,East,4,East,4,NA,NA,NA,NA,NA,NA,NA,NA,NA,NA,Snow buntings seen for first time,NA,NA,NA,NA,,,,,,,,
1860-03-30,NA,NA,NA,NA,NA,NA,NA,NA,NA,NA,-10,3,-7,-4.6,NA,NA,NA,NA,NA,NA,NA,Empty,Empty,Empty,NA,NA,NA,NA,NA,9,NA,NA,Cumulus,7,NA,NA,Cumulo-stratus,3,NA,NA,Cumulus,East,5,East,6,East,4,NA,NA,NA,NA,NA,NA,NA,NA,NA,NA,NA,NA,NA,NA,NA,,,,,,,,
1860-03-31,NA,NA,NA,NA,NA,NA,NA,NA,NA,NA,14,16,4,11.3,NA,NA,NA,NA,NA,NA,NA,Empty,Empty,Empty,NA,NA,NA,NA,NA,5,NA,NA,Cumulus,3,NA,,Cumulus,6,NA,NA,Cumulus,North-West,6,North-West,6,North-West,7,NA,NA,NA,NA,NA,NA,NA,NA,NA,NA,NA,NA,NA,NA,NA,,,,,,,,
1860-04-01,NA,NA,NA,NA,NA,NA,NA,NA,NA,NA,8,12,-2,6,NA,NA,NA,NA,NA,NA,NA,NA,NA,NA,NA,NA,NA,NA,NA,4,West,2,Cumulo-stratus,3,West,2,Cumulo-stratus,1,NA,NA,Stratus,West,4,North-West,4,North-West,2,NA,NA,NA,NA,NA,NA,NA,NA,NA,NA,White headed eagle seen,NA,NA,NA,NA,,,,,,,,
1860-04-02,NA,NA,NA,NA,NA,NA,NA,NA,NA,NA,6,15,4,8.3,NA,NA,NA,NA,NA,NA,NA,NA,NA,NA,NA,NA,NA,NA,NA,6,East,4,Cumulus,4,East,3,Cumulo-stratus,0,NA,NA,0,East,4,East,4,East,5,NA,NA,NA,NA,NA,NA,NA,NA,NA,NA,NA,NA,NA,NA,NA,,,,,,,,
1860-04-03,NA,NA,NA,NA,NA,NA,NA,NA,NA,NA,18,28,17,24.3,NA,NA,NA,NA,NA,NA,NA,NA,NA,NA,NA,NA,NA,NA,NA,6,East,1,Cumulus,8,East,1,Cumulus,1,NA,NA,Stratus,East,2,East,2,East,1,NA,NA,NA,NA,NA,NA,NA,NA,NA,NA,NA,NA,NA,NA,NA,,,,,,,,
1860-04-04,NA,NA,NA,NA,NA,NA,NA,NA,NA,NA,26,32,21,26.3,NA,NA,NA,NA,NA,NA,NA,9:00 PM,Retracted,NA,NA,NA,NA,NA,NA,3,NA,NA,Cumulo-stratus,5,North,5,Cirro-cumulus,10,NA,NA,Nimbus,North-West,1,North-West,2,North-West,8,NA,NA,NA,NA,NA,NA,NA,NA,NA,NA,Parhelia in the morning,NA,NA,NA,NA,,,,,,,,
1860-04-05,NA,NA,NA,NA,NA,NA,NA,NA,NA,NA,24,26,18,22.6,NA,NA,NA,NA,NA,NA,NA,Retracted,8:00 PM,NA,4,NA,NA,NA,NA,10,NA,NA,Nimbus,10,NA,NA,Nimbus,4,NA,NA,Cumulus,North-West,8,North-West,8,North-West,6,NA,NA,NA,NA,NA,NA,NA,NA,NA,NA,NA,NA,NA,NA,NA,,,,,,,,
1860-04-06,NA,NA,NA,NA,NA,NA,NA,NA,NA,NA,23,30,17,23.3,NA,NA,NA,NA,NA,NA,NA,NA,NA,NA,NA,NA,NA,NA,NA,3,NA,NA,Cumulo-stratus,1,NA,NA,Cumulus,1,NA,NA,Cumulo-stratus,North-West,4,North-West,4,North-West,2,NA,NA,NA,NA,NA,NA,NA,NA,NA,NA,NA,NA,NA,NA,NA,,,,,,,,
1860-04-07,NA,NA,NA,NA,NA,NA,NA,NA,NA,NA,21,26,20,22.3,NA,NA,NA,NA,NA,NA,NA,NA,NA,NA,NA,NA,NA,NA,NA,5,North-West,1,Cumulo-stratus,6,North-West,1,Cirro-cumulus,8,North-West,2,Nimbus,North-West,3,North-West,3,North-West,2,NA,NA,NA,NA,NA,NA,NA,NA,NA,NA,NA,NA,NA,NA,NA,,,,,,,,
1860-04-08,NA,NA,NA,NA,NA,NA,NA,NA,NA,NA,18,24,10,14,NA,NA,NA,NA,NA,NA,NA,NA,NA,NA,NA,NA,NA,NA,NA,6,NA,NA,Cumulo-stratus,4,NA,NA,Cirro-cumulus,7,NA,NA,Cumulus,North-West,3,North-West,4,North-West,3,NA,NA,NA,NA,NA,NA,NA,NA,NA,NA,NA,NA,NA,NA,NA,,,,,,,,
1860-04-09,NA,NA,NA,NA,NA,NA,NA,NA,NA,NA,21,30,25,25.3,NA,NA,NA,NA,NA,NA,NA,2:00 PM,Retracted,NA,NA,NA,NA,NA,NA,7,NA,NA,Stratus Nimbus,10,NA,NA,Nimbus,10,NA,NA,Nimbus,North-West,2,North-West,2,North-West,2,NA,NA,NA,NA,NA,NA,NA,NA,NA,NA,NA,NA,NA,NA,NA,,,,,,,,
1860-04-10,NA,NA,NA,NA,NA,NA,NA,NA,NA,NA,24,30,20,24.6,NA,NA,NA,NA,NA,NA,NA,Retracted,9:00 AM,NA,3,NA,NA,NA,NA,10,NA,NA,Nimbus,8,North-West,3,Cumulus,9,NA,NA,Nimbus,North-West,4,North-West,5,North-West,2,NA,NA,NA,NA,NA,NA,NA,NA,NA,NA,NA,NA,NA,NA,NA,,,,,,,,
1860-04-11,NA,NA,NA,NA,NA,NA,NA,NA,NA,NA,21,29,23,24.3,NA,NA,NA,NA,NA,NA,NA,NA,NA,NA,NA,NA,NA,NA,NA,9,NA,NA,Nimbus,8,North-West,2,Nimbus,10,NA,NA,Nimbus,North-West,3,North-West,3,North-West,2,NA,NA,NA,NA,NA,NA,NA,NA,NA,NA,NA,NA,NA,NA,NA,,,,,,,,
1860-04-12,NA,NA,NA,NA,NA,NA,NA,NA,NA,NA,24,31,24,26.3,NA,NA,NA,NA,NA,NA,NA,1:00 PM,3:00 PM,NA,0.125,NA,NA,NA,NA,7,East,3,Cumulus,9,East,1,Nimbus,9,East,1,Cumulus,East,4,East,3,East,2,NA,NA,NA,NA,NA,NA,NA,NA,NA,NA,NA,NA,NA,NA,NA,,,,,,,,
1860-04-13,NA,NA,NA,NA,NA,NA,NA,NA,NA,NA,21,24,20,21.6,NA,NA,NA,NA,NA,NA,NA,NA,NA,NA,NA,NA,NA,NA,NA,8,NA,NA,Cumulo-stratus,8,NA,NA,Cumulus,0,NA,NA,0,South-South-East,4,South-South-East,4,South-South-East,2,NA,NA,NA,NA,NA,NA,NA,NA,NA,NA,NA,NA,NA,NA,NA,,,,,,,,
1860-04-14,NA,NA,NA,NA,NA,NA,NA,NA,NA,NA,31,38,33,34,NA,NA,NA,NA,NA,NA,NA,NA,NA,NA,NA,NA,NA,NA,NA,9,NA,NA,Nimbus,9,NA,NA,Nimbus,9,NA,NA,Nimbus,South-East,4,South-East,4,South-East,5,NA,NA,NA,NA,NA,NA,NA,NA,NA,NA,NA,NA,NA,NA,NA,,,,,,,,
1860-04-15,NA,NA,NA,NA,NA,NA,NA,NA,NA,NA,28,39,31,32.6,NA,NA,NA,NA,NA,NA,NA,NA,NA,NA,NA,NA,NA,NA,NA,9,NA,,Cumulus,4,NA,Empty,Cumulus,1,NA,NA,Stratus,South-East,4,South-East,2,South-East,1,NA,NA,NA,NA,NA,NA,NA,NA,NA,NA,Poplar and grey willow budding,NA,NA,NA,NA,,,,,,,,
1860-04-16,NA,NA,NA,NA,NA,NA,NA,NA,NA,NA,24,40,31,31.6,NA,NA,NA,NA,NA,NA,NA,NA,NA,NA,NA,NA,NA,NA,NA,4,NA,NA,Cumulus,3,NA,NA,Cirro-cumulus,4,North-West,2,Cumulo-stratus,South-East,2,South-East,2,North-West,1,NA,NA,NA,NA,NA,NA,NA,NA,NA,NA,NA,NA,NA,NA,NA,,,,,,,,
1860-04-17,NA,NA,NA,NA,NA,NA,NA,NA,NA,NA,31,42,30,34.3,NA,NA,NA,NA,NA,NA,NA,NA,NA,NA,NA,NA,NA,NA,NA,2,South-West,3,Cirro-cumulus,1,South-West,4,Cirrus,2,NA,NA,Cumulo-stratus,South-East,4,South-East,4,South-East,2,NA,NA,NA,NA,NA,NA,NA,NA,NA,NA,NA,NA,NA,NA,NA,,,,,,,,
1860-04-18,NA,NA,NA,NA,NA,NA,NA,NA,NA,NA,34,48,36,39.3,NA,NA,NA,NA,NA,NA,NA,NA,NA,NA,NA,NA,NA,NA,NA,4,NA,NA,Cirro-cumulus,1,NA,NA,Cirrus,1,NA,NA,Stratus,South-East,2,North-West,2,North-West,1,NA,NA,NA,NA,NA,NA,NA,NA,NA,NA,Slight rain for the first time,NA,NA,NA,NA,,,,,,,,
1860-04-19,NA,NA,NA,NA,NA,NA,NA,NA,NA,NA,33,47,34,38,NA,NA,NA,NA,NA,NA,NA,NA,NA,NA,NA,NA,NA,NA,NA,5,NA,NA,Cirro-cumulus,3,NA,NA,Cumulus,5,East,1,Cumulo-stratus,South-East,2,North-West,3,East,1,NA,NA,NA,NA,NA,NA,NA,NA,NA,NA,Hawk owl seen,NA,NA,NA,NA,,,,,,,,
1860-04-20,NA,NA,NA,NA,NA,NA,NA,NA,NA,NA,37,50,31,39.33,NA,NA,NA,NA,NA,NA,NA,NA,NA,NA,NA,NA,NA,NA,NA,2,NA,NA,Cumulus,1,NA,NA,Cumulus,3,NA,NA,Cumulo-stratus,East,2,East,1,North,1,NA,NA,NA,NA,NA,NA,NA,NA,NA,NA,Parhelia in the afternoon,NA,NA,NA,NA,,,,,,,,
1860-04-21,NA,NA,NA,NA,NA,NA,NA,NA,NA,NA,28,40,33,33.6,NA,NA,NA,NA,NA,NA,NA,NA,NA,NA,NA,NA,NA,NA,NA,3,NA,NA,Cumulus,4,NA,NA,Cumulus,5,NA,NA,Cumulus,North,1,East,2,East,1,NA,NA,NA,NA,NA,NA,NA,NA,NA,NA,Ducks seen,NA,NA,NA,NA,,,,,,,,
1860-04-22,NA,NA,NA,NA,NA,NA,NA,NA,NA,NA,29,30,36,32.6,NA,NA,NA,NA,NA,NA,NA,NA,NA,NA,NA,NA,NA,NA,NA,4,NA,NA,Cirro-stratus,3,North-West,1,Cumulo-stratus,1,NA,NA,Stratus,North-West,4,North-West,3,North-West,3,NA,NA,NA,NA,NA,NA,NA,NA,NA,NA,NA,NA,NA,NA,NA,,,,,,,,
1860-04-23,NA,NA,NA,NA,NA,NA,NA,NA,NA,NA,22,36,30,29.3,NA,NA,NA,NA,NA,NA,NA,NA,NA,NA,NA,NA,NA,NA,NA,4,NA,NA,Cirro-stratus,8,NA,NA,Cumulo-stratus,8,NA,NA,Cumulo-stratus,North-West,3,North-West,2,North-West,1,NA,NA,NA,NA,NA,NA,NA,NA,NA,NA,NA,NA,NA,NA,NA,,,,,,,,
1860-04-24,NA,NA,NA,NA,NA,NA,NA,NA,NA,NA,28,38,36,34,NA,NA,NA,NA,NA,NA,NA,NA,NA,NA,NA,NA,NA,NA,NA,3,NA,NA,Cirro-stratus,5,NA,NA,Cumulus,10,NA,NA,Nimbus,North-West,4,North-West,4,North-West,4,NA,NA,NA,NA,NA,NA,NA,NA,NA,NA,NA,NA,NA,NA,NA,,,,,,,,
1860-04-25,NA,NA,NA,NA,NA,NA,NA,NA,NA,NA,31,44,33,36,NA,NA,NA,NA,NA,NA,NA,Empty,Empty,NA,NA,NA,NA,NA,NA,6,North-West,4,Cumulus,6,North-West,5,Cumulus,9,North-West,5,Cumulus,North-West,5,North-West,6,North-West,6,NA,NA,NA,NA,NA,NA,NA,NA,NA,NA,Parhelia in the morning. Geese seen.,NA,NA,NA,NA,,,,,,,,
1860-04-26,NA,NA,NA,NA,NA,NA,NA,NA,NA,NA,33,36,29,32.6,NA,NA,NA,NA,NA,NA,NA,5:00 AM,Retracted,NA,NA,NA,NA,NA,NA,10,NA,NA,Nimbus,10,NA,NA,Nimbus,10,NA,NA,Nimbus,North-West,4,North-West,4,North-West,4,NA,NA,NA,NA,NA,NA,NA,NA,NA,NA,NA,NA,NA,NA,NA,,,,,,,,
1860-04-27,NA,NA,NA,NA,NA,NA,NA,NA,NA,NA,29,32,27,29.3,NA,NA,NA,NA,NA,NA,,Retracted,Retracted,,,NA,NA,NA,NA,10,NA,NA,Nimbus,10,NA,NA,Nimbus,10,NA,NA,Nimbus,North-West,6,North-West,6,North-West,6,NA,NA,NA,NA,NA,NA,NA,NA,NA,NA,NA,NA,NA,NA,NA,,,,,,,,
1860-04-28,NA,NA,NA,NA,NA,NA,NA,NA,NA,NA,31,36,32,33,NA,NA,NA,NA,NA,NA,,Retracted,2:00 PM,,6,NA,NA,NA,NA,10,NA,NA,Nimbus,9,NA,NA,Nimbus,9,NA,NA,Nimbus,North-West,6,West,7,West,4,NA,NA,NA,NA,NA,NA,NA,NA,NA,NA,NA,NA,NA,NA,NA,,,,,,,,
1860-04-29,NA,NA,NA,NA,NA,NA,NA,NA,NA,NA,29,37,33,33,NA,NA,NA,NA,NA,NA,,,,,,NA,NA,NA,NA,7,East,4,Cumulo-stratus,4,East,3,Cirro-cumulus,4,West,5,Cirro-cumulus,North-West,4,East,3,East,3,NA,NA,NA,NA,NA,NA,NA,NA,NA,NA,NA,NA,NA,NA,NA,,,,,,,,
1860-04-30,NA,NA,NA,NA,NA,NA,NA,NA,NA,NA,30,39,34,34.3,NA,NA,NA,NA,NA,NA,Empty,NA,NA,NA,NA,NA,NA,NA,NA,7,NA,NA,Cumulus,6,NA,NA,Cumulus,6,NA,NA,Cumulus,East,4,East,4,East,3,NA,NA,NA,NA,NA,NA,NA,NA,NA,NA,NA,NA,NA,NA,NA,,,,,,,,
1860-05-01,NA,NA,NA,NA,NA,NA,,,,29.116,33,47,36,38.6,NA,NA,NA,NA,NA,NA,NA,NA,NA,NA,NA,NA,NA,NA,NA,4,NA,,Cumulus,3,None,,Cumulus,2,NA,,Stratus,East,4,East,3,East,1,NA,NA,NA,NA,NA,NA,NA,NA,NA,NA,NA,NA,NA,NA,NA,,,,,,,,
1860-05-02,NA,NA,NA,NA,NA,NA,,,,29.124,39,48,37,41.3,NA,NA,NA,NA,NA,NA,NA,NA,NA,NA,NA,NA,NA,NA,NA,3,NA,NA,Cumulus,4,NA,NA,Cumulo-stratus,7,NA,NA,Cumulo-stratus,East,3,East,2,East,2,NA,NA,NA,NA,NA,NA,NA,NA,NA,NA,NA,NA,NA,NA,NA,,,,,,,,
1860-05-03,NA,NA,NA,NA,NA,NA,,,,29.129,40,49,40,43,NA,NA,NA,NA,NA,NA,rain,10:00 PM,Retracted,NA,NA,NA,NA,NA,NA,8,NA,NA,Cumulus,10,NA,NA,Nimbus,10,NA,NA,Nimbus,East,2,East,1,East,1,NA,NA,NA,NA,NA,NA,NA,NA,NA,NA,NA,NA,NA,NA,NA,,,,,,,,
1860-05-04,NA,NA,NA,NA,NA,NA,,,,29.111,34,40,37,37,NA,NA,NA,NA,NA,NA,Empty,Retracted,9:00 AM,NA,NA,NA,NA,NA,NA,7,West,2,Cumulo-stratus,7,West,2,Cumulus,4,West,2,Cumulo-stratus,North-West,2,West,3,West,2,NA,NA,NA,NA,NA,NA,NA,NA,NA,NA,NA,NA,NA,NA,NA,,,,,,,,
1860-05-05,NA,NA,NA,NA,NA,NA,,,,29.126,33,47,46,42,NA,NA,NA,NA,NA,NA,NA,Empty,Empty,NA,NA,NA,NA,NA,NA,6,NA,NA,Cumulo-stratus,8,NA,NA,Cumulus,9,NA,NA,Cumulus,West,4,West,4,West,3,NA,NA,NA,NA,NA,NA,NA,NA,NA,NA,NA,NA,NA,NA,NA,,,,,,,,
1860-05-06,NA,NA,NA,NA,NA,NA,,,,29.116,31,42,43,38.6,NA,NA,NA,NA,NA,NA,NA,NA,NA,NA,NA,NA,NA,NA,NA,8,NA,NA,Cumulo-stratus,7,NA,NA,Cirro-cumulus,9,NA,NA,Cumulus,East,3,East,3,West,2,NA,NA,NA,NA,NA,NA,NA,NA,NA,NA,NA,NA,NA,NA,NA,,,,,,,,
1860-05-07,NA,NA,NA,NA,NA,NA,,,,29.121,36,48,37,40.3,NA,NA,NA,NA,NA,NA,NA,NA,NA,NA,NA,NA,NA,NA,NA,7,NA,NA,Cumulo-stratus,7,NA,NA,Cumulo-stratus,1,NA,NA,Stratus,East,2,East,2,South,1,NA,NA,NA,NA,NA,NA,NA,NA,NA,NA,Parhelia in the evening,NA,NA,NA,NA,,,,,,,,
1860-05-08,NA,NA,NA,NA,NA,NA,,,,29.122,42,49,31,40.6,NA,NA,NA,NA,NA,NA,NA,NA,NA,NA,NA,NA,NA,NA,NA,1,NA,NA,Stratus,4,NA,NA,Cumulo-stratus,5,NA,NA,Cumulo-stratus,North-West,1,North,1,West,3,NA,NA,NA,NA,NA,NA,NA,NA,NA,NA,The ice on the Liard lake up,NA,NA,NA,NA,,,,,,,,
1860-05-09,NA,NA,NA,NA,NA,NA,,,,29.084,26,30,28,28,NA,NA,NA,NA,NA,NA,NA,NA,NA,NA,NA,NA,NA,NA,NA,8,NA,NA,Cumulo-stratus,8,NA,Empty,Cumulo-stratus,8,NA,,Cumulo-stratus,North,4,North,6,North,5,NA,NA,NA,NA,NA,NA,NA,NA,NA,NA,NA,NA,NA,NA,NA,,,,,,,,
1860-05-10,NA,NA,NA,NA,NA,NA,,,,29.107,37,44,32,35.6,NA,NA,NA,NA,NA,NA,NA,NA,NA,NA,NA,NA,NA,NA,NA,8,NA,NA,Cumulo-stratus,7,NA,NA,Cumulo-stratus,2,NA,NA,Stratus,North,3,North,2,0,0,NA,NA,NA,NA,NA,NA,NA,NA,NA,NA,The McKenzie broke up,NA,NA,NA,NA,,,,,,,,
1860-05-11,NA,NA,NA,NA,NA,NA,,,,29.112,32,46,34,37.3,NA,NA,NA,NA,NA,NA,NA,NA,NA,NA,NA,NA,NA,NA,NA,2,NA,NA,Cumulo-stratus,3,NA,NA,Cumulus,4,NA,NA,Cumulus,East,1,East,2,East,3,NA,NA,NA,NA,NA,NA,NA,NA,NA,NA,NA,NA,NA,NA,NA,,,,,,,,
1860-05-12,NA,NA,NA,NA,NA,NA,,,,29.092,28,34,30,30.6,NA,NA,NA,NA,NA,NA,snow,8:00 AM,4:00 PM,NA,0.5,NA,NA,NA,NA,9,NA,NA,Nimbus,10,NA,NA,Nimbus,8,NA,NA,Cumulus,East,4,North,4,North,3,NA,NA,NA,NA,NA,NA,NA,NA,NA,NA,NA,NA,NA,NA,NA,,,,,,,,
1860-05-13,NA,NA,NA,NA,NA,NA,,,,29.13,38,52,40,43.3,NA,NA,NA,NA,NA,NA,NA,NA,NA,NA,NA,NA,NA,NA,NA,5,NA,NA,Cumulus,4,NA,NA,Cumulus,2,NA,NA,Cumulo-stratus,West,3,West,3,East,1,NA,NA,NA,NA,NA,NA,NA,NA,NA,NA,NA,NA,NA,NA,NA,,,,,,,,
1860-05-14,NA,NA,NA,NA,NA,NA,,,,29.13,37,52,41,43.3,NA,NA,NA,NA,NA,NA,NA,NA,NA,NA,NA,NA,NA,NA,NA,2,NA,NA,Cumulus,2,NA,NA,Cumulo-stratus,1,NA,NA,Stratus,East,4,East,3,East,6,NA,NA,NA,NA,NA,NA,NA,NA,NA,NA,NA,NA,NA,NA,NA,,,,,,,,
1860-05-15,NA,NA,NA,NA,NA,NA,,,,29.141,44,53,44,47,NA,NA,NA,NA,NA,NA,NA,NA,NA,NA,NA,NA,NA,NA,NA,4,NA,NA,Cumulus,4,NA,NA,Cumulus,4,NA,NA,Cumulus,East,2,East,3,East,2,NA,NA,NA,NA,NA,NA,NA,NA,NA,NA,NA,NA,NA,NA,NA,,,,,,,,
1860-05-16,NA,NA,NA,NA,NA,NA,,,,29.15,48,56,46,50,NA,NA,NA,NA,NA,NA,NA,NA,NA,NA,NA,NA,NA,NA,NA,4,West,1,Cumulus,6,West,2,Cumulus,7,NA,NA,Cumulus,West,2,West,4,West,3,NA,NA,NA,NA,NA,NA,NA,NA,NA,NA,NA,NA,NA,NA,NA,,,,,,,,
1860-05-17,NA,NA,NA,NA,NA,NA,,,,29.153,48,56,49,51,NA,NA,NA,NA,NA,NA,NA,NA,NA,NA,NA,NA,NA,NA,NA,2,NA,NA,Cumulus,2,NA,NA,Cumulus,3,NA,NA,Stratus,West,2,East,2,East,2,NA,NA,NA,NA,NA,NA,NA,NA,NA,NA,NA,NA,NA,NA,NA,,,,,,,,
1860-05-18,NA,NA,NA,NA,NA,NA,,,,29.175,58,60,57,58.1,NA,NA,NA,NA,NA,NA,NA,NA,NA,NA,NA,NA,NA,NA,NA,1,NA,NA,Cumulus,1,NA,,Cirrus,1,NA,NA,Stratus,East,1,East,4,East,3,NA,NA,NA,NA,NA,NA,NA,NA,NA,NA,NA,NA,NA,NA,NA,,,,,,,,
1860-05-19,NA,NA,NA,NA,NA,NA,,,,29.178,59,62,57,59.1,NA,NA,NA,NA,NA,NA,NA,NA,NA,NA,NA,NA,NA,NA,NA,2,NA,NA,Cumulus,2,NA,NA,Cirro-cumulus,2,NA,NA,Cumulo-stratus,South-East,2,South-East,6,South-East,2,NA,NA,NA,NA,NA,NA,NA,NA,NA,NA,NA,NA,NA,NA,NA,,,,,,,,
1860-05-20,NA,NA,NA,NA,NA,NA,,,,29.178,58,68,52,59.1,NA,NA,NA,NA,NA,NA,NA,NA,NA,NA,NA,NA,NA,NA,NA,2,NA,NA,Cumulo-stratus,2,NA,NA,Cirro-cumulus,4,NA,NA,Cumulo-stratus,East,1,East,2,South,2,NA,NA,NA,NA,NA,NA,NA,NA,NA,NA,Several peals of thunder were heard between 7 and 9 this evening,NA,NA,NA,NA,,,,,,,,
1860-05-21,NA,NA,NA,NA,NA,NA,,,,29.169,50,67,52,56.3,NA,NA,NA,NA,NA,NA,NA,NA,NA,NA,NA,NA,NA,NA,NA,1,NA,NA,Stratus,1,NA,NA,Cumulus,1,NA,NA,Cumulus,0,0,South,1,0,0,NA,NA,NA,NA,NA,NA,NA,NA,NA,NA,NA,NA,NA,NA,NA,,,,,,,,
1860-05-22,NA,NA,NA,NA,NA,NA,,,,29.181,54,68,59,60.3,NA,NA,NA,NA,NA,NA,NA,NA,NA,NA,NA,NA,NA,NA,NA,2,NA,NA,Cumulo-stratus,4,NA,NA,Cumulus,5,NA,NA,Cumulo-stratus,0,0,South-East,1,South-East,1,NA,NA,NA,NA,NA,NA,NA,NA,NA,NA,NA,NA,NA,NA,NA,,,,,,,,
1860-05-23,NA,NA,NA,NA,NA,NA,,,,29.186,60,68,58,62,NA,NA,NA,NA,NA,NA,NA,NA,NA,NA,NA,NA,NA,NA,NA,3,NA,NA,Cumulo-stratus,5,NA,NA,Cumulus,5,NA,NA,Cumulus,East,1,East,2,0,0,NA,NA,NA,NA,NA,NA,NA,NA,NA,NA,NA,NA,NA,NA,NA,,,,,,,,
1860-05-24,NA,NA,NA,NA,NA,NA,,,,29.181,61,68,52,60.3,NA,NA,NA,NA,NA,NA,NA,NA,NA,NA,NA,NA,NA,NA,NA,2,NA,NA,Cumulo-stratus,3,NA,NA,Cirro-cumulus,2,NA,NA,Cumulus,East,1,East,3,East,1,NA,NA,NA,NA,NA,NA,NA,NA,NA,NA,NA,NA,NA,NA,NA,,,,,,,,
1860-05-25,NA,NA,NA,NA,NA,NA,,,,29.184,62,68,54,61.3,NA,NA,NA,NA,NA,NA,NA,NA,NA,NA,NA,NA,NA,NA,NA,3,NA,NA,Cirro-cumulus,3,NA,NA,Cirro-cumulus,2,NA,NA,Cirro-cumulus,East,2,East,3,East,3,NA,NA,NA,NA,NA,NA,NA,NA,NA,NA,NA,NA,NA,NA,NA,,,,,,,,
1860-05-26,NA,NA,NA,NA,NA,NA,,,,29.175,56,62,57,58.1,NA,NA,NA,NA,NA,NA,NA,NA,NA,NA,NA,NA,NA,NA,NA,2,NA,NA,Cumulus,2,NA,NA,Cirro-cumulus,1,NA,NA,Stratus,East,2,East,3,East,3,NA,NA,NA,NA,NA,NA,NA,NA,NA,NA,NA,NA,NA,NA,NA,,,,,,,,
1860-05-27,NA,NA,NA,NA,NA,NA,,,,29.188,60,68,60,62.6,NA,NA,NA,NA,NA,NA,NA,NA,NA,NA,NA,NA,NA,NA,NA,1,NA,NA,Cumulo-stratus,2,NA,NA,Cumulus,2,NA,NA,Stratus,South-East,2,South-East,3,South-East,2,NA,NA,NA,NA,NA,NA,NA,NA,NA,NA,NA,NA,NA,NA,NA,,,,,,,,
1860-05-28,NA,NA,NA,NA,NA,NA,,,,29.202,62,80,60,67.3,NA,NA,NA,NA,NA,NA,NA,NA,NA,NA,NA,NA,NA,NA,NA,1,NA,NA,Stratus,4,NA,NA,Cumulus,6,NA,NA,Nimbus,South-East,3,South-East,1,West,1,NA,NA,NA,NA,NA,NA,NA,NA,NA,NA,NA,NA,NA,NA,NA,,,,,,,,
1860-05-29,NA,NA,NA,NA,NA,NA,,,,29.219,76,79,64,69.67,NA,NA,NA,NA,NA,NA,NA,NA,NA,NA,NA,NA,NA,NA,NA,1,NA,NA,Cumulus,3,NA,NA,Cirro-cumulus,2,NA,NA,Stratus,West,2,West,4,West,3,NA,NA,NA,NA,NA,NA,NA,NA,NA,NA,NA,NA,NA,NA,NA,,,,,,,,
1860-05-30,NA,NA,NA,NA,NA,NA,,,,29.214,74,78,62,71.3,NA,NA,NA,NA,NA,NA,NA,NA,NA,NA,NA,NA,NA,NA,NA,2,NA,NA,Cumulus,2,NA,NA,Cirro-cumulus,4,NA,NA,Nimbus,East,1,East,2,East,1,NA,NA,NA,NA,NA,NA,NA,NA,NA,NA,NA,NA,NA,NA,NA,,,,,,,,
1860-05-31,NA,NA,NA,NA,NA,NA,,,,29.189,64,69,56,63,NA,NA,NA,NA,NA,NA,NA,NA,NA,NA,NA,NA,NA,NA,NA,3,NA,NA,Cumulus,4,NA,NA,Cirro-cumulus,1,NA,NA,Cumulus,West,1,West,4,East,1,NA,NA,NA,NA,NA,NA,NA,NA,NA,NA,NA,NA,NA,NA,NA,,,,,,,,
1860-06-01,NA,NA,NA,NA,NA,NA,NA,NA,NA,NA,67,74,63,68,NA,NA,NA,NA,NA,NA,NA,NA,NA,NA,NA,NA,NA,NA,NA,4,South-West,1,Cumulus,3,South-West,2,Cumulus,7,South-West,2,Cumulus,South-West,1,South-West,2,0,0,NA,NA,NA,NA,NA,NA,NA,NA,NA,NA,NA,NA,NA,NA,NA,,,,,,,,
1860-06-02,NA,NA,NA,NA,NA,NA,NA,NA,NA,NA,69,82,79,76.67,NA,NA,NA,NA,NA,NA,rain,4:00 PM,6:00 PM,NA,0.125,NA,NA,NA,NA,2,NA,NA,Cumulus,4,NA,NA,Cumulus,8,NA,NA,Nimbus,North-West,3,North-West,2,South-East,2,NA,NA,NA,NA,NA,NA,NA,NA,NA,NA,Thunder at 4 P.M. Motion from SE to NW,NA,NA,NA,NA,,,,,,,,
1860-06-03,NA,NA,NA,NA,NA,NA,NA,NA,NA,NA,72,80,64,72,NA,NA,NA,NA,NA,NA,NA,NA,NA,NA,NA,NA,NA,NA,NA,4,NA,NA,Cumulus,6,NA,NA,Cumulus,8,NA,NA,Nimbus,North-West,1,North-West,1,South-East,4,NA,NA,NA,NA,NA,NA,NA,NA,NA,NA,NA,NA,NA,NA,NA,,,,,,,,
1860-06-04,NA,NA,NA,NA,NA,NA,NA,NA,NA,NA,68,78,66,70.6,NA,NA,NA,NA,NA,NA,NA,NA,NA,NA,NA,NA,NA,NA,NA,8,NA,NA,Cirro-cumulus,7,NA,NA,Cirro-cumulus,1,NA,NA,Cumulus,North-West,1,North-West,1,North-West,3,NA,NA,NA,NA,NA,NA,NA,NA,NA,NA,NA,NA,NA,NA,NA,,,,,,,,
1860-06-05,NA,NA,NA,NA,NA,NA,NA,NA,NA,NA,67,69,61,65.6,NA,NA,NA,NA,NA,NA,NA,10:00 PM,Retracted,NA,NA,NA,NA,NA,NA,9,NA,NA,Cumulus,6,NA,NA,Cumulus,9,NA,NA,Cumulus,North-West,2,West,1,South-East,1,NA,NA,NA,NA,NA,NA,NA,NA,NA,NA,NA,NA,NA,NA,NA,,,,,,,,
1860-06-06,NA,NA,NA,NA,NA,NA,NA,NA,NA,NA,56,58,49,54.3,NA,NA,NA,NA,NA,NA,NA,Retracted,10:00 AM,NA,4,NA,NA,NA,NA,10,North-West,4,Nimbus,10,North-West,4,Nimbus,10,North-West,5,Nimbus,North-West,6,North-West,6,North-West,4,NA,NA,NA,NA,NA,NA,NA,NA,NA,NA,NA,NA,NA,NA,NA,,,,,,,,
1860-06-07,NA,NA,NA,NA,NA,NA,NA,NA,NA,NA,48,56,47,50.33,NA,NA,NA,NA,NA,NA,NA,7:00 PM,8:00 PM,NA,NA,NA,NA,NA,NA,10,NA,NA,Nimbus,10,NA,NA,Nimbus,10,None,,Nimbus,North-West,4,South-West,2,South-West,1,NA,NA,NA,NA,NA,NA,NA,NA,NA,NA,NA,NA,NA,NA,NA,,,,,,,,
1860-06-08,NA,NA,NA,NA,NA,NA,NA,NA,NA,NA,56,66,61,61,NA,NA,NA,NA,NA,NA,NA,NA,NA,NA,NA,NA,NA,NA,NA,9,NA,NA,Cumulus,7,NA,NA,Cumulus,9,None,,Cumulus,East,1,East,1,0,0,NA,NA,NA,NA,NA,NA,NA,NA,NA,NA,NA,NA,NA,NA,NA,,,,,,,,
1860-06-09,NA,NA,NA,NA,NA,NA,NA,NA,NA,NA,67,68,57,64,NA,NA,NA,NA,NA,NA,NA,NA,NA,NA,NA,NA,NA,NA,NA,4,NA,NA,Cumulus,8,NA,NA,Cumulus,7,None,,Cirro-cumulus,East,2,East,1,East,1,NA,NA,NA,NA,NA,NA,NA,NA,NA,NA,NA,NA,NA,NA,NA,,,,,,,,
1860-06-10,NA,NA,NA,NA,NA,NA,NA,NA,NA,NA,59,64,52,56.3,NA,NA,NA,NA,NA,NA,NA,NA,NA,NA,NA,NA,NA,NA,NA,6,NA,NA,Cumulus,7,NA,,Cumulus,8,None,,Cumulus,East,4,East,1,East,1,NA,NA,NA,NA,NA,NA,NA,NA,NA,NA,NA,NA,NA,NA,NA,,,,,,,,
1860-06-11,NA,NA,NA,NA,NA,NA,NA,NA,NA,NA,54,66,56,58.6,NA,NA,NA,NA,NA,NA,NA,9:00 PM,Retracted,NA,NA,NA,NA,NA,NA,6,NA,NA,Cumulus,7,NA,NA,Nimbus,10,None,,Nimbus,North-West,1,North-West,4,North-West,3,NA,NA,NA,NA,NA,NA,NA,NA,NA,NA,Thunder in the distance. Motion E to W.,NA,NA,NA,NA,,,,,,,,
1860-06-12,NA,NA,NA,NA,NA,NA,NA,NA,NA,NA,44,67,52,54.3,NA,NA,NA,NA,NA,NA,NA,Retracted,6:00 AM,NA,4.5,NA,NA,NA,NA,8,NA,NA,Nimbus,6,NA,NA,Cumulus,8,None,,Cumulus,North-West,7,North-West,2,North-West,1,NA,NA,NA,NA,NA,NA,NA,NA,NA,NA,NA,NA,NA,NA,NA,,,,,,,,
1860-06-13,NA,NA,NA,NA,NA,NA,NA,NA,NA,NA,67,76,64,69,NA,NA,NA,NA,NA,NA,NA,NA,NA,NA,NA,NA,NA,NA,NA,4,NA,NA,Cumulus,4,NA,NA,Cirrus,1,None,,Stratus,North-West,1,North-West,1,North-West,1,NA,NA,NA,NA,NA,NA,NA,NA,NA,NA,NA,NA,NA,NA,NA,,,,,,,,
1860-06-14,NA,NA,NA,NA,NA,NA,NA,NA,NA,NA,69,77,63,69.6,NA,NA,NA,NA,NA,NA,NA,NA,NA,NA,NA,NA,NA,NA,NA,3,NA,Empty,Cumulus,3,NA,NA,Cumulus,5,None,Empty,Cumulo-stratus,North-West,1,North-West,1,North-West,1,NA,NA,NA,NA,NA,NA,NA,NA,NA,NA,Thunder at 3 PM at a great distance. Motion to,NA,NA,NA,NA,,,,,,,,
1860-06-15,NA,NA,NA,NA,NA,NA,NA,NA,NA,NA,76,78,74,76,NA,NA,NA,NA,NA,NA,NA,NA,NA,NA,NA,NA,NA,NA,NA,2,NA,NA,Cumulus,4,NA,NA,Cumulus,2,None,,Stratus,North-West,1,North-West,1,North-West,1,NA,NA,NA,NA,NA,NA,NA,NA,NA,NA,NA,NA,NA,NA,NA,,,,,,,,
1860-06-16,NA,NA,NA,NA,NA,NA,NA,NA,NA,NA,69,79,67,71.6,NA,NA,NA,NA,NA,NA,NA,NA,NA,NA,NA,NA,NA,NA,NA,4,NA,NA,Cumulus,1,NA,NA,Cumulus,1,None,,Stratus,North-West,1,South-East,1,0,0,NA,NA,NA,NA,NA,NA,NA,NA,NA,NA,NA,NA,NA,NA,NA,,,,,,,,
1860-06-17,NA,NA,NA,NA,NA,NA,NA,NA,NA,NA,67,70,64,67,NA,NA,NA,NA,NA,NA,NA,NA,NA,NA,NA,NA,NA,NA,NA,2,NA,NA,Cumulus,2,NA,NA,Cumulus,1,None,,Stratus,North,1,North,1,North,1,NA,NA,NA,NA,NA,NA,NA,NA,NA,NA,NA,NA,NA,NA,NA,,,,,,,,
1860-06-18,NA,NA,NA,NA,NA,NA,NA,NA,NA,NA,70,76,68,71.3,NA,NA,NA,NA,NA,NA,NA,NA,NA,NA,NA,NA,NA,NA,NA,3,NA,NA,Cirro-cumulus,3,NA,NA,Cumulus,4,None,,Cumulo-stratus,South-East,1,South-East,2,East,1,NA,NA,NA,NA,NA,NA,NA,NA,NA,NA,NA,NA,NA,NA,NA,,,,,,,,
1860-06-19,NA,NA,NA,NA,NA,NA,NA,NA,NA,NA,69,74,67,70,NA,NA,NA,NA,NA,NA,NA,NA,NA,NA,NA,NA,NA,NA,NA,4,NA,NA,Cumulus,1,NA,NA,Cumulus,5,None,,Cumulus,North-East,3,East,2,East,1,NA,NA,NA,NA,NA,NA,NA,NA,NA,NA,NA,NA,NA,NA,NA,,,,,,,,
1860-06-20,NA,NA,NA,NA,NA,NA,NA,NA,NA,NA,70,77,69,72,NA,NA,NA,NA,NA,NA,NA,NA,NA,NA,NA,NA,NA,NA,NA,1,NA,NA,Cirrus,1,NA,NA,Cumulus,1,NA,NA,Stratus,East,1,East,1,East,1,NA,NA,NA,NA,NA,NA,NA,NA,NA,NA,NA,NA,NA,NA,NA,,,,,,,,
1860-06-21,NA,NA,NA,NA,NA,NA,NA,NA,NA,NA,72,78,69,73,NA,NA,NA,NA,NA,NA,NA,NA,NA,NA,NA,NA,NA,NA,NA,1,NA,NA,Cumulus,2,NA,NA,Cumulus,1,NA,NA,Stratus,East,1,East,1,East,1,NA,NA,NA,NA,NA,NA,NA,NA,NA,NA,NA,NA,NA,NA,NA,,,,,,,,
1860-06-22,NA,NA,NA,NA,NA,NA,NA,NA,NA,NA,66,72,64,67.3,NA,NA,NA,NA,NA,NA,NA,NA,NA,NA,NA,NA,NA,NA,NA,1,NA,NA,Cumulus,4,NA,NA,Cumulus,3,NA,NA,Nimbus,East,1,East,2,East,1,NA,NA,NA,NA,NA,NA,NA,NA,NA,NA,Slight thunder in the evening going NWE,NA,NA,NA,NA,,,,,,,,
1860-06-23,NA,NA,NA,NA,NA,NA,NA,NA,NA,NA,68,74,63,68.3,NA,NA,NA,NA,NA,NA,NA,NA,NA,NA,NA,NA,NA,NA,NA,2,NA,NA,Cirro-cumulus,3,NA,NA,Cirrus,1,NA,NA,Stratus,East,1,East,1,West,4,NA,NA,NA,NA,NA,NA,NA,NA,NA,NA,NA,NA,NA,NA,NA,,,,,,,,
1860-06-24,NA,NA,NA,NA,NA,NA,NA,NA,NA,NA,74,78,59,70.3,NA,NA,NA,NA,NA,NA,NA,NA,NA,NA,NA,NA,NA,NA,NA,0,NA,NA,0,4,NA,NA,Cumulus,4,NA,NA,Cumulus,0,0,0,0,North,1,NA,NA,NA,NA,NA,NA,NA,NA,NA,NA,NA,NA,NA,NA,NA,,,,,,,,
1860-06-25,NA,NA,NA,NA,NA,NA,NA,NA,NA,NA,61,68,60,63,NA,NA,NA,NA,NA,NA,NA,NA,NA,NA,NA,NA,NA,NA,NA,4,NA,NA,Cumulus,4,NA,NA,Cirro-cumulus,5,NA,NA,Cumulo-stratus,North-West,2,North-West,1,North-West,3,NA,NA,NA,NA,NA,NA,NA,NA,NA,NA,NA,NA,NA,NA,NA,,,,,,,,
1860-06-26,NA,NA,NA,NA,NA,NA,NA,NA,NA,NA,60,66,60,62,NA,NA,NA,NA,NA,NA,NA,NA,NA,NA,NA,NA,NA,NA,NA,1,NA,NA,Cumulus,7,NA,NA,Nimbus,7,NA,NA,Nimbus,North-West,1,North-West,2,North-West,3,NA,NA,NA,NA,NA,NA,NA,NA,NA,NA,Parhelia from 4 to 7 PM,NA,NA,NA,NA,,,,,,,,
1860-06-27,NA,NA,NA,NA,NA,NA,NA,NA,NA,NA,57,64,56,59,NA,NA,NA,NA,NA,NA,NA,11:00 AM,7:00 PM,NA,2.5,NA,NA,NA,NA,3,NA,NA,Cumulus,10,NA,NA,Nimbus,8,NA,NA,Nimbus,South,1,South-West,2,South-West,3,NA,NA,NA,NA,NA,NA,NA,NA,NA,NA,NA,NA,NA,NA,NA,,,,,,,,
1860-06-28,NA,NA,NA,NA,NA,NA,NA,NA,NA,NA,56,64,58,59.3,NA,NA,NA,NA,NA,NA,NA,NA,NA,NA,NA,NA,NA,NA,NA,8,NA,NA,Nimbus,4,NA,NA,Cumulus,4,NA,NA,Cumulus,North-West,3,North,2,North,1,NA,NA,NA,NA,NA,NA,NA,NA,NA,NA,NA,NA,NA,NA,NA,,,,,,,,
1860-06-29,NA,NA,NA,NA,NA,NA,NA,NA,NA,NA,67,71,61,66.3,NA,NA,NA,NA,NA,NA,NA,NA,NA,NA,NA,NA,NA,NA,NA,4,NA,NA,Cumulus,7,NA,,Nimbus,4,NA,NA,Cumulus,North-East,1,East,1,East,4,NA,NA,NA,NA,NA,NA,NA,NA,NA,NA,NA,NA,NA,NA,NA,,,,,,,,
1860-06-30,NA,NA,NA,NA,NA,NA,NA,NA,NA,NA,68,76,60,68,NA,NA,NA,NA,NA,NA,NA,NA,NA,NA,NA,NA,NA,NA,NA,1,NA,NA,Cumulus,4,NA,NA,Cumulus,6,NA,NA,Cumulus,0,0,North-West,3,North-West,1,NA,NA,NA,NA,NA,NA,NA,NA,NA,NA,NA,NA,NA,NA,NA,,,,,,,,
,,,,,,,,,,,,,,,,,,,,,,,,,,,,,,,,,,,,,,,,,,,,,,,,,,,,,,,,,,,,,,,,,,NA,NA,NA,NA,NA