Observation date,daily_weather_remarks,remarks_7am,remarks_2pm,remarks_9pm,open_air_thermometer_7am,open_air_thermometer_2pm,open_air_thermometer_9pm,open_air_thermometer_mean,type_precipitation,rain_and_melted_snow_hour_began,rain_and_melted_snow_hour_ended,rain_and_melted_snow_amount,depth_of_snow,cloud_amount_7am,course_higher_clouds_7am,cloud_velocity_7am,kind_of_cloud_7am,course_higher_clouds_2pm,cloud_amount_2pm,cloud_velocity_2pm,kind_of_cloud_2pm,cloud_amount_9pm,course_higher_clouds_9pm,cloud_velocity_9pm,kind_cloud_9pm,wind_direction_7am,wind_force_7am,wind_direction_2pm,wind_force_2pm,wind_direction_9pm,wind_force_9pm,casual_phenomena,casual_phenomena_line_2,casual_phenomena_line_3,casual_phenomena_line_4,casual_phenomena_line_5,casual_phenomena_line_2,casual_phenomena_line_3,casual_phenomena_line_4,casual_phenomena_line_5
1860-11-01,NA,NA,NA,NA,37,42,38,39,NA,',',',',5,North,4,NA,North,5,4,NA,2,NA,0,NA,North-East,5,East,2,East,4,NA,NA,NA,NA,NA,NA,NA,NA,NA
1860-11-02,NA,NA,NA,NA,40,64,61,55,rain,8:00 AM,9:00 AM,NA,NA,10,North,0,NA,North,5,3,NA,10,NA,0,NA,North-East,4,South,4,East,2,NA,NA,NA,NA,NA,NA,NA,NA,NA
1860-11-03,NA,NA,NA,NA,45,50,48,47.67,NA,NA,NA,NA,NA,10,NA,0,NA,NA,10,0,NA,10,NA,0,NA,South-East,2,South-West,2,South-West,2,NA,NA,NA,NA,NA,NA,NA,NA,NA
1860-11-04,'[illegible] Rain Snow all day',NA,NA,NA,39,43,40,40.67,NA,NA,NA,NA,NA,6,North,5,NA,NA,6,5,NA,6,NA,5,NA,North-West,6,North-West,6,North-West,4,NA,NA,NA,NA,NA,NA,NA,NA,NA
1860-11-05,'rained a little',NA,NA,NA,25,33,30,32.67,NA,NA,NA,NA,NA,8,NA,4,NA,NA,8,4,NA,2,NA,0,NA,West,4,West,4,West,4,NA,NA,NA,NA,NA,NA,NA,NA,NA
1860-11-06,NA,NA,NA,NA,24,33,20,25.67,NA,NA,NA,NA,NA,4,NA,3,NA,NA,4,4,NA,0,NA,2,NA,North,2,North,4,North,2,NA,NA,NA,NA,NA,NA,NA,NA,NA
1860-11-07,NA,NA,NA,NA,29,41,39,36.33,NA,NA,NA,NA,NA,6,South-West,4,NA,South-West,2,2,NA,7,NA,4,NA,South-East,2,South-West,4,South,5,NA,NA,NA,NA,NA,NA,NA,NA,NA
1860-11-08,NA,NA,NA,NA,36,43,39,39.33,NA,1:00 AM,3:00 PM,NA,NA,10,NA,0,NA,NA,10,0,NA,10,NA,0,NA,South-East,0,South-East,0,South-East,0,NA,NA,NA,NA,NA,NA,NA,NA,NA
1860-11-09,NA,NA,NA,NA,35,39,35,36.33,NA,NA,NA,NA,NA,10,NA,2,NA,NA,10,2,NA,10,NA,0,NA,East,4,East,3,East,5,NA,NA,NA,NA,NA,NA,NA,NA,NA
1860-11-10,NA,NA,NA,NA,33,45,37,38.33,NA,NA,NA,NA,NA,3,NA,2,NA,NA,0,0,NA,0,NA,0,NA,North-East,3,North-East,3,West,2,NA,NA,NA,NA,NA,NA,NA,NA,NA
1860-11-11,NA,NA,NA,NA,22,42,35,36.33,NA,NA,NA,NA,NA,0,NA,0,NA,NA,5,0,NA,6,NA,0,NA,East,0,South-East,0,South-East,0,NA,NA,NA,NA,NA,NA,NA,NA,NA
1860-11-12,NA,NA,NA,NA,25,44,37,35.33,NA,NA,NA,NA,NA,0,NA,0,NA,NA,0,0,NA,0,NA,0,NA,South,0,0,0,0,0,NA,NA,NA,NA,NA,NA,NA,NA,NA
1860-11-13,NA,NA,NA,NA,30,37,30,32.33,NA,NA,NA,NA,NA,0,NA,0,NA,NA,0,0,NA,0,NA,0,NA,East,2,East,2,0,0,NA,NA,NA,NA,NA,NA,NA,NA,NA
1860-11-14,NA,NA,NA,NA,20,29,37,28.67,NA,3:00 PM,5:00 PM,NA,NA,5,NA,0,NA,NA,10,0,NA,10,NA,0,NA,0,0,0,0,0,0,NA,NA,NA,NA,NA,NA,NA,NA,NA
1860-11-15,NA,NA,NA,NA,30,40,35,35,NA,NA,NA,NA,NA,4,NA,0,NA,NA,4,0,NA,10,NA,0,NA,North,1,South,1,0,0,NA,NA,NA,NA,NA,NA,NA,NA,NA
1860-11-16,NA,NA,NA,NA,37,46,42,41.67,NA,NA,NA,NA,NA,10,NA,0,NA,NA,5,3,NA,10,NA,0,NA,South-East,1,South,4,0,0,NA,NA,NA,NA,NA,NA,NA,NA,NA
1860-11-17,NA,NA,NA,NA,36,39,35,36.67,NA,NA,NA,NA,NA,8,NA,0,NA,NA,4,3,NA,0,NA,0,NA,South-East,1,South-East,4,South,2,NA,NA,NA,NA,NA,NA,NA,NA,NA
1860-11-18,'snowed 1 inch',NA,NA,NA,32,37,30,33,NA,NA,NA,NA,1,3,NA,0,NA,NA,3,3,NA,10,NA,9,NA,South-East,1,East,5,East,5,NA,NA,NA,NA,NA,NA,NA,NA,NA
1860-11-19,NA,NA,NA,NA,29,32,25,28.67,NA,NA,NA,NA,NA,4,NA,2,NA,NA,5,3,NA,4,NA,2,NA,North-East,2,North-East,5,North-East,3,NA,NA,NA,NA,NA,NA,NA,NA,NA
1860-11-20,'clear on sunlight',NA,NA,NA,21,26,23,23.33,NA,NA,NA,NA,NA,4,NA,0,NA,NA,4,3,NA,2,NA,0,NA,South-West,2,South-West,3,South-West,2,NA,NA,NA,NA,NA,NA,NA,NA,NA
1860-11-21,'snowed 1inch',NA,NA,NA,21,33,32,28.67,NA,NA,NA,NA,1,4,NA,0,NA,NA,2,2,NA,2,NA,4,NA,South-East,1,South-East,2,South,6,NA,NA,NA,NA,NA,NA,NA,NA,NA
1860-11-22,'snowing mostly all day',NA,NA,NA,32,37,23,30.67,NA,NA,NA,NA,NA,8,NA,7,NA,NA,10,8,NA,10,NA,8,NA,South-West,6,South-West,7,South-East,7,NA,NA,NA,NA,NA,NA,NA,NA,NA
1860-11-23,'snowing all day',NA,NA,NA,12,10,4,7.33,NA,NA,NA,NA,3 inches,10,NA,6,NA,NA,10,6,NA,10,NA,5,NA,North,6,North,6,North,6,NA,NA,NA,NA,NA,NA,NA,NA,NA
1860-11-24,'snowing all day',NA,NA,NA,7,0,10,5.66,Empty,Empty,NA,NA,3,10,NA,0,NA,NA,10,4,NA,0,NA,6,NA,North-West,5,North-West,8,South-West,6,NA,NA,NA,NA,NA,NA,NA,NA,NA
1860-11-25,NA,NA,NA,NA,4,12,8,8,NA,NA,NA,NA,NA,0,NA,0,NA,NA,2,6,NA,1,NA,6,NA,West,2,North-West,8,North-West,6,NA,NA,NA,NA,NA,NA,NA,NA,NA
1860-11-26,NA,NA,NA,NA,9,24,20,17.67,NA,NA,NA,NA,NA,6,NA,0,NA,NA,10,4,NA,0,NA,2,NA,East,2,North-West,4,East,2,NA,NA,NA,NA,NA,NA,NA,NA,NA
1860-11-27,'snowed last night',NA,NA,NA,20,25,20,21.67,NA,NA,NA,NA,NA,4,NA,1,NA,NA,3,2,NA,8,NA,0,NA,South,2,South,3,South,2,NA,NA,NA,NA,NA,NA,NA,NA,NA
1860-11-28,NA,NA,NA,NA,26,28,27,27,NA,NA,NA,NA,NA,8,NA,3,NA,NA,10,2,NA,10,NA,0,NA,South,6,East,7,East,4,NA,NA,NA,NA,NA,NA,NA,NA,NA
1860-11-29,NA,NA,NA,NA,23,24,17,21.25,NA,NA,NA,NA,NA,6,NA,2,NA,NA,6,4,NA,3,NA,6,NA,North-East,4,South,3,South,5,NA,NA,NA,NA,NA,NA,NA,NA,NA
1860-11-30,'about 8ins of snow at date',NA,NA,NA,7,11,5,7.67,NA,NA,NA,NA,NA,4,NA,3,NA,NA,0,8,NA,2,NA,2,NA,North,6,North,7,North,2,NA,NA,NA,NA,NA,NA,NA,NA,NA
1860-12-01,NA,NA,NA,NA,9,20,18,15.67,NA,NA,NA,NA,NA,4,NA,2,NA,NA,4,2,NA,2,NA,0,NA,East,2,South,1,South,1,NA,NA,NA,NA,NA,NA,NA,NA,NA
1860-12-02,NA,NA,NA,NA,-3,24,17,12.67,NA,NA,NA,NA,NA,0,NA,0,NA,NA,0,0,NA,0,NA,0,NA,East,1,South,1,0,0,NA,NA,NA,NA,NA,NA,NA,NA,NA
1860-12-03,NA,NA,NA,NA,18,27,25,23.33,NA,NA,NA,NA,NA,6,NA,0,NA,NA,4,3,NA,10,NA,0,NA,South-East,1,East,3,East,2,NA,NA,NA,NA,NA,NA,NA,NA,NA
1860-12-04,NA,NA,NA,NA,22,25,4,17.33,NA,NA,NA,NA,NA,10,NA,2,NA,NA,0,2,NA,0,NA,0,NA,North-East,1,0,0,0,0,NA,NA,NA,NA,NA,NA,NA,NA,NA
1860-12-05,NA,NA,NA,NA,12,24,20,18.67,NA,NA,NA,NA,NA,6,NA,2,NA,NA,4,0,NA,10,NA,2,NA,North,1,East,0,East,4,NA,NA,NA,NA,NA,NA,NA,NA,NA
1860-12-06,'snow 1 inch last night',NA,NA,NA,18,25,22,21.67,NA,NA,NA,NA,NA,8,NA,2,NA,NA,10,4,NA,10,NA,0,NA,South,2,East,5,East,2,NA,NA,NA,NA,NA,NA,NA,NA,NA
1860-12-07,NA,NA,NA,NA,8,21,9,12.67,NA,NA,NA,NA,NA,0,NA,0,NA,NA,0,0,NA,0,NA,0,NA,East,2,North,3,North,1,NA,NA,NA,NA,NA,NA,NA,NA,NA
1860-12-08,NA,NA,NA,NA,8,20,14,14,NA,NA,NA,NA,NA,4,NA,0,NA,NA,0,0,NA,0,NA,0,NA,North-East,2,North-East,0,0,0,NA,NA,NA,NA,NA,NA,NA,NA,NA
1860-12-09,NA,NA,NA,NA,3,31,24,19.33,NA,NA,NA,NA,NA,0,NA,0,NA,NA,3,4,NA,2,NA,0,NA,East,0,North-East,6,East,4,NA,NA,NA,NA,NA,NA,NA,NA,NA
1860-12-10,NA,NA,NA,NA,9,25,10,14.67,NA,NA,NA,NA,NA,6,NA,2,NA,NA,0,0,NA,0,NA,0,NA,North,2,North-West,6,North,2,NA,NA,NA,NA,NA,NA,NA,NA,NA
1860-12-11,NA,NA,NA,NA,-3,17,10,8,NA,NA,NA,NA,NA,4,NA,0,NA,NA,5,2,NA,10,NA,0,NA,North,4,South-West,6,South-West,6,NA,NA,NA,NA,NA,NA,NA,NA,NA
1860-12-12,NA,NA,NA,NA,11,14,-5,6.67,NA,NA,NA,NA,NA,4,NA,4,NA,NA,0,0,NA,0,NA,0,NA,East,4,North-East,6,0,0,NA,NA,NA,NA,NA,NA,NA,NA,NA
1860-12-13,NA,NA,NA,NA,-11,-14,-28,-17.67,NA,NA,NA,NA,NA,0,NA,0,NA,NA,0,0,NA,0,NA,0,NA,North-West,6,West,6,0,0,NA,NA,NA,NA,NA,NA,NA,NA,NA
1860-12-14,NA,NA,NA,NA,-34,-10,-10,-18,NA,NA,NA,NA,NA,2,NA,2,NA,NA,4,6,NA,10,NA,0,NA,South-West,4,South,6,0,0,NA,NA,NA,NA,NA,NA,NA,NA,NA
1860-12-15,NA,NA,NA,NA,6,20,10,12,NA,NA,NA,NA,NA,4,NA,8,NA,NA,0,0,NA,0,NA,0,NA,South-East,6,East,4,0,0,NA,NA,NA,NA,NA,NA,NA,NA,NA
1860-12-16,NA,NA,NA,NA,10,10,0,6.67,NA,NA,NA,NA,NA,0,NA,0,NA,NA,0,0,NA,0,NA,0,NA,South,8,South,10,South,10,NA,NA,NA,NA,NA,NA,NA,NA,NA
1860-12-17,NA,NA,NA,NA,-11,20,10,6.33,NA,NA,NA,NA,NA,4,NA,4,NA,NA,8,2,NA,10,NA,0,NA,0,0,0,0,0,0,NA,NA,NA,NA,NA,NA,NA,NA,NA
1860-12-18,NA,NA,NA,NA,9,20,27,18.67,NA,NA,NA,NA,NA,4,NA,0,NA,NA,4,0,NA,6,NA,0,NA,East,4,East,6,East,3,NA,NA,NA,NA,NA,NA,NA,NA,NA
1860-12-19,NA,NA,NA,NA,30,33,10,24.33,NA,NA,NA,NA,NA,6,NA,0,NA,NA,10,0,NA,0,NA,0,NA,North-East,2,North-East,3,North-East,0,NA,NA,NA,NA,NA,NA,NA,NA,NA
1860-12-20,'snowing all last night and all today = 6 ins',NA,NA,NA,15,24,7,15.33,NA,NA,NA,NA,NA,10,NA,0,NA,NA,10,0,NA,10,NA,0,NA,East,1,East,0,East,0,NA,NA,NA,NA,NA,NA,NA,NA,NA
1860-12-21,NA,NA,NA,NA,-9,4,-20,-8.33,NA,NA,NA,NA,NA,0,NA,0,NA,NA,0,0,NA,0,NA,0,NA,North,2,North,6,North,3,NA,NA,NA,NA,NA,NA,NA,NA,NA
1860-12-22,NA,NA,NA,NA,-22,4,2,-5.33,NA,NA,NA,NA,NA,0,NA,0,NA,NA,0,0,NA,8,NA,4,NA,North,2,North,4,0,0,NA,NA,NA,NA,NA,NA,NA,NA,NA
1860-12-23,'snowing today',NA,NA,NA,3,23,4,10,NA,NA,NA,NA,NA,10,NA,0,NA,NA,10,4,NA,8,NA,6,NA,North-East,1,North-East,2,East,4,NA,NA,NA,NA,NA,NA,NA,NA,NA
1860-12-24,NA,NA,NA,NA,20,24,17,20.33,NA,NA,NA,NA,NA,8,NA,6,NA,NA,8,0,NA,0,NA,0,NA,East,2,South-West,6,North,1,NA,NA,NA,NA,NA,NA,NA,NA,NA
1860-12-25,NA,NA,NA,NA,20,22,20,20.67,NA,NA,NA,NA,NA,10,NA,0,NA,NA,6,0,NA,0,NA,0,NA,South-East,6,South-East,7,South-East,2,NA,NA,NA,NA,NA,NA,NA,NA,NA
1860-12-26,NA,NA,NA,NA,10,15,5,10,NA,NA,NA,NA,NA,0,NA,0,NA,NA,0,0,NA,0,NA,0,NA,South,2,South,3,0,0,NA,NA,NA,NA,NA,NA,NA,NA,NA
1860-12-27,NA,NA,NA,NA,-5,22,4,7,NA,NA,NA,NA,NA,0,NA,0,NA,NA,0,0,NA,0,NA,0,NA,0,0,North,2,North,2,NA,NA,NA,NA,NA,NA,NA,NA,NA
1860-12-28,NA,NA,NA,NA,-4,12,18,8.67,NA,NA,NA,NA,NA,3,NA,0,NA,NA,6,2,NA,4,NA,0,NA,East,2,East,2,East,2,NA,NA,NA,NA,NA,NA,NA,NA,NA
1860-12-29,NA,NA,NA,NA,25,30,18,24.33,NA,NA,NA,NA,NA,10,NA,0,NA,NA,8,0,NA,4,NA,0,NA,East,2,South,2,South,8,NA,NA,NA,NA,NA,NA,NA,NA,NA
1860-12-30,NA,NA,NA,NA,10,14,8,10.67,NA,NA,NA,NA,NA,10,NA,2,NA,NA,7,3,NA,3,NA,0,NA,0,0,0,0,0,0,NA,NA,NA,NA,NA,NA,NA,NA,NA
1860-12-31,'stormy all day',NA,NA,NA,9,16,7,10.67,NA,NA,NA,NA,NA,6,NA,2,NA,NA,8,4,NA,4,NA,2,NA,South-West,4,South-West,6,South-West,4,NA,NA,NA,NA,NA,NA,NA,NA,NA
1861-01-01,'snowing a little',NA,NA,NA,10,16,8,,NA,NA,NA,NA,NA,8,NA,0,NA,NA,6,3,NA,10,NA,0,NA,South,0,North-East,0,East,1,NA,NA,NA,NA,NA,NA,NA,NA,NA
1861-01-02,NA,NA,NA,NA,-4,-3,-4,NA,NA,NA,NA,NA,NA,6,NA,0,NA,NA,6,2,NA,4,NA,2,NA,North-East,1,North-East,2,North-East,4,NA,NA,NA,NA,NA,NA,NA,NA,NA
1861-01-03,NA,NA,NA,NA,-20,6,9,NA,NA,NA,NA,NA,NA,0,NA,0,NA,NA,4,2,NA,0,NA,0,NA,South-East,1,South-East,3,South-East,0,NA,NA,NA,NA,NA,NA,NA,NA,NA
1861-01-04,'rain + drifting all day',NA,NA,NA,6,20,17,NA,NA,NA,NA,NA,NA,10,NA,0,NA,NA,8,8,NA,2,NA,6,NA,South-West,8,South-West,8,South-West,8,NA,NA,NA,NA,NA,NA,NA,NA,NA
1861-01-05,'snow mist of the night 2 ins',NA,NA,NA,8,20,0,NA,NA,NA,NA,NA,NA,6,NA,0,NA,NA,6,6,NA,2,NA,0,NA,South-West,4,South-West,6,South-West,8,NA,NA,NA,NA,NA,NA,NA,NA,NA
1861-01-06,'snowy + drifting all day',NA,NA,NA,-10,3,0,NA,NA,NA,NA,NA,NA,10,NA,0,NA,NA,8,2,NA,10,NA,0,NA,North-East,4,North-East,5,North-East,6,NA,NA,NA,NA,NA,NA,NA,NA,NA
1861-01-07,NA,NA,NA,NA,-3,5,0,NA,NA,NA,NA,NA,NA,10,NA,0,NA,NA,2,2,NA,10,NA,0,NA,North,3,North-East,3,North,3,NA,NA,NA,NA,NA,NA,NA,NA,NA
1861-01-08,NA,NA,NA,NA,-14,10,12,NA,NA,NA,NA,NA,NA,0,NA,0,NA,NA,4,2,NA,8,NA,0,NA,North,1,North-East,2,North-East,1,NA,NA,NA,NA,NA,NA,NA,NA,NA
1861-01-09,NA,NA,NA,NA,17,20,0,NA,NA,NA,NA,NA,NA,10,NA,0,NA,NA,8,2,NA,0,NA,0,NA,South,6,South-West,7,0,0,NA,NA,NA,NA,NA,NA,NA,NA,NA
1861-01-10,NA,NA,NA,NA,-26,-28,-22,NA,NA,NA,NA,NA,NA,0,NA,0,NA,NA,0,0,NA,0,NA,0,NA,North,2,North,3,North,1,NA,NA,NA,NA,NA,NA,NA,NA,NA
1861-01-11,NA,NA,NA,NA,-23,-4,-17,NA,NA,NA,NA,NA,NA,0,NA,0,NA,NA,0,0,NA,0,NA,0,NA,North-East,3,North-East,6,East,2,NA,NA,NA,NA,NA,NA,NA,NA,NA
1861-01-12,NA,NA,NA,NA,-33,-10,-40,-27.67,NA,NA,NA,NA,NA,0,NA,0,NA,NA,0,0,NA,0,NA,0,NA,0,0,South-West,2,South-West,1,NA,NA,NA,NA,NA,NA,NA,NA,NA
1861-01-13,NA,NA,NA,NA,-15,20,10,,NA,NA,NA,NA,NA,10,NA,0,NA,NA,10,0,NA,3,NA,0,NA,South,4,South,6,South,2,NA,NA,NA,NA,NA,NA,NA,NA,NA
1861-01-14,NA,NA,NA,NA,25,30,30,28.33,NA,NA,NA,NA,NA,10,NA,0,NA,NA,10,0,NA,10,NA,0,NA,South,1,South,2,0,0,NA,NA,NA,NA,NA,NA,NA,NA,NA
1861-01-15,'snowy heavily',NA,NA,NA,15,18,10,NA,NA,NA,NA,NA,NA,10,NA,0,NA,NA,10,0,NA,10,NA,0,NA,East,3,East,4,North,3,NA,NA,NA,NA,NA,NA,NA,NA,NA
1861-01-16,NA,NA,NA,NA,10,7,0,NA,NA,NA,NA,NA,NA,10,NA,0,NA,NA,8,4,NA,0,NA,0,NA,East,7,East,8,East,6,NA,NA,NA,NA,NA,NA,NA,NA,NA
1861-01-17,NA,NA,NA,NA,-13,16,10,NA,NA,NA,NA,NA,NA,0,NA,0,NA,NA,0,0,NA,0,NA,0,NA,South,2,South,4,South,0,NA,NA,NA,NA,NA,NA,NA,NA,NA
1861-01-18,'snow in the afternoon',NA,NA,NA,8,15,15,NA,NA,NA,NA,NA,NA,8,NA,0,NA,NA,10,0,NA,10,NA,0,NA,South,2,South-East,6,South-East,8,NA,NA,NA,NA,NA,NA,NA,NA,NA
1861-01-19,NA,NA,NA,NA,6,15,10,NA,NA,NA,NA,NA,NA,3,NA,0,NA,NA,4,5,NA,5,NA,0,NA,North-East,4,North-East,6,North,2,NA,NA,NA,NA,NA,NA,NA,NA,NA
1861-01-20,'snowy',NA,NA,NA,-20,15,-10,NA,NA,NA,NA,NA,NA,0,NA,0,NA,NA,0,0,NA,0,NA,0,NA,North,1,North,2,0,0,NA,NA,NA,NA,NA,NA,NA,NA,NA
1861-01-21,NA,NA,NA,NA,-15,10,-9,,NA,NA,NA,NA,NA,0,NA,0,NA,NA,0,0,NA,0,NA,0,NA,0,0,North,2,0,0,NA,NA,NA,NA,NA,NA,NA,NA,NA
1861-01-22,NA,NA,NA,NA,-14,15,-2,,NA,NA,NA,NA,NA,0,NA,0,NA,NA,0,0,NA,0,NA,0,NA,North,1,0,0,0,0,NA,NA,NA,NA,NA,NA,NA,NA,NA
1861-01-23,NA,NA,NA,NA,-10,38,18,NA,NA,NA,NA,NA,NA,0,NA,0,NA,NA,2,0,NA,0,NA,0,NA,South-East,4,South-East,2,South-East,3,NA,NA,NA,NA,NA,NA,NA,NA,NA
1861-01-24,NA,NA,NA,NA,15,28,20,NA,NA,NA,NA,NA,NA,10,NA,0,NA,NA,4,4,NA,4,NA,6,NA,East,2,South,4,South,8,NA,NA,NA,NA,NA,NA,NA,NA,NA
1861-01-25,NA,NA,NA,NA,25,30,-1,NA,NA,NA,NA,NA,NA,4,NA,0,NA,NA,4,4,NA,4,NA,0,NA,West,6,West,6,West,2,NA,NA,NA,NA,NA,NA,NA,NA,NA
1861-01-26,NA,NA,NA,NA,10,20,-22,NA,NA,NA,NA,NA,NA,10,NA,0,NA,NA,10,2,NA,6,NA,2,NA,South,2,South,4,South,1,NA,NA,NA,NA,NA,NA,NA,NA,NA
1861-01-27,NA,NA,NA,NA,-10,22,12,NA,,,,,,8,NA,0,NA,NA,8,4,NA,4,NA,0,NA,South,1,South,2,South,1,NA,NA,NA,NA,NA,NA,NA,NA,NA
1861-01-28,NA,NA,NA,NA,12,20,18,,NA,NA,NA,NA,NA,10,NA,0,NA,NA,4,4,NA,10,NA,2,NA,South,1,South,3,South,4,NA,NA,NA,NA,NA,NA,NA,NA,NA
1861-01-29,NA,NA,NA,NA,10,20,0,NA,NA,NA,NA,NA,NA,10,NA,0,NA,NA,10,2,NA,10,NA,0,NA,West,6,West,8,0,0,NA,NA,NA,NA,NA,NA,NA,NA,NA
1861-01-30,NA,NA,NA,NA,2,25,20,NA,NA,NA,NA,NA,NA,0,NA,0,NA,NA,8,0,NA,2,NA,0,NA,0,0,North-East,2,North-East,2,NA,NA,NA,NA,NA,NA,NA,NA,NA
1861-01-31,'smog + drifting all day',NA,NA,NA,10,20,6,NA,NA,NA,NA,NA,NA,10,NA,0,NA,NA,10,2,NA,10,NA,8,NA,West,6,West,8,West,6,NA,NA,NA,NA,NA,NA,NA,NA,NA
1861-02-01,NA,NA,NA,NA,10,12,9,,NA,NA,NA,NA,NA,4,NA,2,NA,NA,5,3,NA,4,NA,2,NA,North,2,North,4,North,2,NA,NA,NA,NA,NA,NA,NA,NA,NA
1861-02-02,NA,NA,NA,NA,0,10,-18,NA,NA,NA,NA,NA,NA,0,NA,0,NA,NA,0,0,NA,0,NA,0,NA,North,3,North,6,North,1,NA,NA,NA,NA,NA,NA,NA,NA,NA
1861-02-03,NA,NA,NA,NA,-20,15,10,NA,NA,NA,NA,NA,NA,3,NA,2,NA,NA,3,2,NA,6,NA,0,NA,North,4,North,5,North,4,NA,NA,NA,NA,NA,NA,NA,NA,NA
1861-02-04,[illegible] last night,NA,NA,NA,20,27,22,NA,NA,NA,NA,NA,NA,10,NA,0,NA,NA,10,0,NA,10,NA,0,NA,West,4,West,2,West,1,NA,NA,NA,NA,NA,NA,NA,NA,NA
1861-02-05,NA,NA,NA,NA,15,27,12,NA,NA,NA,NA,NA,NA,6,NA,0,NA,NA,6,0,NA,6,NA,0,NA,South,1,South,2,South,0,NA,NA,NA,NA,NA,NA,NA,NA,NA
1861-02-06,NA,NA,NA,NA,-10,-2,-20,NA,NA,NA,NA,NA,NA,0,NA,0,NA,NA,1,0,NA,4,NA,3,NA,West,1,West,2,West,4,NA,NA,NA,NA,NA,NA,NA,NA,NA
1861-02-07,NA,NA,NA,NA,-40,-24,-36,-33.33,NA,NA,NA,NA,NA,0,NA,0,NA,NA,0,0,NA,0,NA,0,NA,North,3,North,4,North,1,NA,NA,NA,NA,NA,NA,NA,NA,NA
1861-02-08,NA,NA,NA,NA,-20,0,-20,NA,NA,NA,NA,NA,NA,0,NA,0,NA,NA,0,0,NA,0,NA,0,NA,North,1,East,3,0,0,NA,NA,NA,NA,NA,NA,NA,NA,NA
1861-02-09,NA,NA,NA,NA,-10,25,10,NA,NA,NA,NA,NA,NA,6,NA,2,NA,NA,6,2,NA,6,NA,2,NA,North,2,South,3,South,1,NA,NA,NA,NA,NA,NA,NA,NA,NA
1861-02-10,NA,NA,NA,NA,20,30,35,NA,NA,NA,NA,NA,NA,5,NA,0,NA,NA,7,1,NA,7,NA,1,NA,0,0,0,0,0,0,10th + 11th [illegible] and [illegible] like fun. The snow settled a good deal and formed a very strong crush. able to carry a man in any part of the bush.,,,,,NA,NA,NA,NA
1861-02-11,rainy all last night,NA,NA,NA,40,45,45,43.33,NA,NA,NA,NA,NA,6,NA,0,NA,NA,6,0,NA,6,NA,2,NA,0,0,South,4,South,2,NA,NA,NA,NA,NA,NA,NA,NA,NA
1861-02-12,rainy & [blowy] all last night,NA,NA,NA,20,25,12,NA,NA,NA,NA,NA,NA,6,NA,0,NA,NA,6,2,NA,6,NA,1,NA,South,2,0,0,South,4,NA,NA,NA,NA,NA,NA,NA,NA,NA
1861-02-13,NA,NA,NA,NA,10,25,4,NA,NA,NA,NA,NA,NA,0,NA,0,NA,NA,0,0,NA,0,NA,0,NA,West,1,North-West,3,0,0,NA,NA,NA,NA,NA,NA,NA,NA,NA
1861-02-14,NA,NA,NA,NA,2,20,10,NA,NA,NA,NA,NA,NA,4,NA,0,NA,NA,4,2,NA,2,NA,4,NA,West,1,West,2,West,6,NA,NA,NA,NA,NA,NA,NA,NA,NA
1861-02-15,snowy last night,NA,NA,NA,4,12,6,NA,NA,NA,NA,NA,NA,10,NA,0,NA,NA,6,2,NA,4,NA,0,NA,East,6,South,4,South,2,NA,NA,NA,NA,NA,NA,NA,NA,NA
1861-02-16,NA,NA,NA,NA,10,16,9,NA,NA,NA,NA,NA,NA,10,NA,0,NA,NA,10,0,NA,10,NA,0,NA,South,2,South,2,South,0,NA,NA,NA,NA,NA,NA,NA,NA,NA
1861-02-17,NA,NA,NA,NA,-6,15,10,NA,NA,NA,NA,NA,NA,8,NA,0,NA,NA,0,0,NA,0,NA,0,NA,North,6,North,3,North,2,NA,NA,NA,NA,NA,NA,NA,NA,NA
1861-02-18,NA,NA,NA,NA,12,20,15,NA,NA,NA,NA,NA,NA,0,NA,0,NA,NA,0,0,NA,0,NA,0,NA,0,0,North,2,0,0,NA,NA,NA,NA,NA,NA,NA,NA,NA
1861-02-19,NA,NA,NA,NA,0,25,16,NA,,,,,,6,NA,0,NA,NA,6,2,NA,4,NA,2,NA,East,2,0,0,0,0,NA,NA,NA,NA,NA,NA,NA,NA,NA
1861-02-20,NA,NA,NA,NA,28,30,15,NA,NA,NA,NA,NA,NA,6,NA,0,NA,NA,3,2,NA,4,NA,1,NA,South-West,3,0,0,0,0,NA,NA,NA,NA,NA,NA,NA,NA,NA
1861-02-21,NA,NA,NA,NA,12,20,-9,NA,NA,NA,NA,NA,NA,4,NA,0,NA,NA,0,0,NA,0,NA,0,NA,0,0,North,4,North,1,NA,NA,NA,NA,NA,NA,NA,NA,NA
1861-02-22,stormy today,NA,NA,NA,-1,16,8,NA,NA,NA,NA,NA,NA,6,NA,0,NA,NA,4,0,NA,6,NA,4,NA,East,2,East,4,East,0,NA,NA,NA,NA,NA,NA,NA,NA,NA
1861-02-23,NA,NA,NA,NA,10,16,-10,NA,NA,NA,NA,NA,NA,8,NA,10,NA,NA,8,10,NA,2,NA,10,NA,North-East,8,North-East,8,North-East,8,NA,NA,NA,NA,NA,NA,NA,NA,NA
1861-02-24,NA,NA,NA,NA,-24,18,20,NA,NA,NA,NA,NA,NA,0,NA,0,NA,NA,0,0,NA,0,NA,0,NA,North,1,South-West,4,South-West,2,NA,NA,NA,NA,NA,NA,NA,NA,NA
1861-02-25,NA,NA,NA,NA,20,36,18,NA,NA,NA,NA,NA,NA,4,NA,4,NA,NA,2,0,NA,2,NA,1,NA,South,6,South,1,0,0,NA,NA,NA,NA,NA,NA,NA,NA,NA
1861-02-26,NA,NA,NA,NA,30,40,30,NA,NA,NA,NA,NA,NA,0,NA,0,NA,NA,6,0,NA,6,NA,0,NA,South,1,South,2,0,0,NA,NA,NA,NA,NA,NA,NA,NA,NA
1861-02-27,NA,NA,NA,NA,35,40,30,NA,NA,NA,NA,NA,NA,2,NA,0,NA,NA,0,0,NA,6,NA,0,NA,South-West,2,0,0,0,0,NA,NA,NA,NA,NA,NA,NA,NA,NA
1861-02-28,[Cim] & rainy all [illegible],NA,NA,NA,35,40,25,NA,NA,NA,NA,NA,NA,6,NA,0,NA,NA,10,0,NA,8,NA,0,NA,0,0,0,0,0,0,NA,NA,NA,NA,NA,NA,NA,NA,NA
1861-04-01,NA,NA,NA,NA,20,40,30,,NA,NA,NA,NA,NA,2,NA,0,NA,NA,6,0,NA,0,NA,0,NA,North,2,South,2,West,1,Snow melting fast. about 6 feet snow in the woods.,,,,,NA,NA,NA,NA
1861-04-02,NA,NA,NA,NA,38,42,30,NA,NA,NA,NA,NA,NA,4,NA,0,NA,NA,6,0,NA,10,NA,0,NA,0,0,0,0,0,0,NA,NA,NA,NA,NA,NA,NA,NA,NA
1861-04-03,NA,NA,NA,NA,32,40,25,NA,NA,NA,NA,NA,NA,10,NA,0,NA,NA,10,0,NA,0,NA,0,NA,West,1,West,2,0,0,Heavy fog and first spring birds seen,NA,NA,NA,NA,NA,NA,NA,NA
1861-04-04,NA,NA,NA,NA,30,48,44,NA,NA,NA,NA,NA,NA,0,NA,0,NA,NA,0,0,NA,0,NA,0,NA,0,0,North,2,0,0,NA,NA,NA,NA,NA,NA,NA,NA,NA
1861-04-05,NA,NA,NA,NA,38,30,35,NA,NA,NA,NA,NA,NA,2,NA,0,NA,NA,3,1,NA,0,NA,0,NA,East,3,South,4,East,2,NA,NA,NA,NA,NA,NA,NA,NA,NA
1861-04-06,NA,NA,NA,NA,35,49,29,NA,NA,NA,NA,NA,NA,2,NA,0,NA,NA,3,2,NA,1,NA,0,NA,0,0,North-East,2,North-East,4,Thawed a great deal,NA,NA,NA,NA,NA,NA,NA,NA
1861-04-07,NA,NA,NA,NA,40,55,40,NA,NA,NA,NA,NA,NA,1,NA,0,NA,NA,8,4,NA,0,NA,0,NA,South-East,3,South-East,3,South-East,3,NA,NA,NA,NA,NA,NA,NA,NA,NA
1861-04-08,NA,NA,NA,NA,45,58,50,51,NA,NA,NA,NA,NA,8,NA,2,NA,NA,0,0,NA,6,NA,0,NA,0,0,South,3,South,1,"Ice failing fast, and grass appearing",,,,,NA,NA,NA,NA
1861-04-09,NA,NA,NA,NA,40,50,40,NA,NA,NA,NA,NA,NA,0,NA,0,NA,NA,0,0,NA,10,NA,0,NA,0,0,West,3,0,0,First Robin seen today,NA,NA,NA,NA,NA,NA,NA,NA
1861-04-10,NA,NA,NA,NA,36,50,30,,NA,NA,NA,NA,NA,2,NA,0,NA,NA,0,0,NA,0,NA,0,NA,East,2,East,3,0,0,Thawing all day,NA,NA,NA,NA,NA,NA,NA,NA
1861-04-11,NA,NA,NA,NA,30,50,29,NA,NA,NA,NA,NA,NA,0,NA,0,NA,NA,0,0,NA,0,NA,0,NA,North,1,West,2,0,0,NA,NA,NA,NA,NA,NA,NA,NA,NA
1861-04-12,NA,NA,NA,NA,35,50,50,,NA,NA,NA,NA,NA,4,NA,0,NA,NA,5,2,NA,10,NA,2,NA,South-East,4,West,2,0,0,[ilCom[menced] raining at 8 PM + continued until 10 PM,,,,,NA,NA,NA,NA
1861-04-13,NA,NA,NA,NA,30,35,30,NA,NA,NA,NA,NA,NA,8,NA,2,NA,NA,8,3,NA,10,NA,0,NA,East,3,North,2,North,3,"Raining lightly this morning and snowing in the evening, first Duck seen",NA,NA,NA,NA,NA,NA,NA,NA
1861-04-14,NA,NA,NA,NA,25,35,30,NA,NA,NA,NA,NA,NA,6,NA,0,NA,NA,2,2,NA,4,NA,0,NA,North,3,North,4,0,0,First duck shot today,NA,NA,NA,NA,NA,NA,NA,NA
1861-04-15,NA,NA,NA,NA,24,30,22,25.33,NA,NA,NA,NA,NA,4,NA,0,NA,NA,2,0,NA,0,NA,0,NA,East,4,West,5,0,0,NA,NA,NA,NA,NA,NA,NA,NA,NA
1861-04-16,NA,NA,NA,NA,17,45,25,NA,NA,NA,NA,NA,NA,0,NA,0,NA,NA,0,0,NA,0,NA,0,NA,South-East,2,0,0,0,0,NA,NA,NA,NA,NA,NA,NA,NA,NA
1861-04-17,NA,NA,NA,NA,25,35,20,NA,NA,NA,NA,NA,NA,0,NA,0,NA,NA,0,0,NA,0,NA,0,NA,0,0,West,3,0,0,NA,NA,NA,NA,NA,NA,NA,NA,NA
1861-04-18,NA,NA,NA,NA,18,39,32,NA,NA,NA,NA,NA,NA,3,NA,0,NA,NA,4,2,NA,0,NA,0,NA,0,0,North,6,0,0,NA,NA,NA,NA,NA,NA,NA,NA,NA
1861-04-19,NA,NA,NA,NA,30,45,28,NA,NA,NA,NA,NA,NA,0,NA,0,NA,NA,0,0,NA,0,NA,0,NA,0,0,North,2,0,0,NA,NA,NA,NA,NA,NA,NA,NA,NA
1861-04-20,NA,NA,NA,NA,40,60,30,NA,NA,NA,NA,NA,NA,6,NA,0,NA,NA,0,0,NA,0,NA,0,NA,0,0,West,2,0,0,Snowed about 1 inch last night but some disappeared. The Aurora faint in the north,NA,NA,NA,NA,NA,NA,NA,NA
1861-04-21,NA,NA,NA,NA,35,40,34,NA,NA,NA,NA,NA,NA,2,NA,0,NA,NA,8,2,NA,10,NA,2,NA,East,2,East,4,East,2,Com[menced] raining at 2 PM and continued all [illegible]. Heavy thunder and lightning,,,,,NA,NA,NA,NA
1861-04-22,NA,NA,NA,NA,30,60,32,NA,NA,NA,NA,NA,NA,10,NA,0,NA,NA,10,2,NA,8,NA,0,NA,East,2,East,4,East,1,Two wild geese (les outard) shot to day raining most of the day,NA,NA,NA,NA,NA,NA,NA,NA
1861-04-23,NA,NA,NA,NA,35,55,40,NA,NA,NA,NA,NA,NA,0,NA,0,NA,NA,0,0,NA,5,NA,0,NA,West,1,West,3,0,0,NA,NA,NA,NA,NA,NA,NA,NA,NA
1861-04-24,NA,NA,NA,NA,38,39,30,NA,NA,NA,NA,NA,NA,10,NA,4,NA,NA,10,5,NA,10,NA,0,NA,South-West,8,South-West,8,North,1,Snowing this morning,NA,NA,NA,NA,NA,NA,NA,NA
1861-04-25,NA,NA,NA,NA,30,40,28,Empty,NA,NA,NA,NA,NA,8,NA,1,NA,NA,2,0,NA,0,NA,0,NA,North,1,West,2,0,0,NA,NA,NA,NA,NA,NA,NA,NA,NA
1861-04-26,NA,NA,NA,NA,28,45,40,NA,NA,NA,NA,NA,NA,4,NA,0,NA,NA,2,4,NA,4,NA,6,NA,East,3,East,9,East,10,Squalls during the day and very cold,NA,NA,NA,NA,NA,NA,NA,NA
1861-04-27,NA,NA,NA,NA,35,48,42,NA,NA,NA,NA,NA,NA,10,NA,0,NA,NA,10,6,NA,10,NA,2,NA,East,5,West,6,South-West,1,Heavy thunder and lightning last night and rain,NA,NA,NA,NA,NA,NA,NA,NA
1861-04-28,NA,NA,NA,NA,38,45,40,NA,NA,NA,NA,NA,NA,2,NA,0,NA,NA,0,0,NA,6,NA,8,NA,South,2,West,2,0,0,NA,NA,NA,NA,NA,NA,NA,NA,NA
1861-04-29,NA,NA,NA,NA,40,50,35,NA,NA,NA,NA,NA,NA,10,NA,6,NA,NA,0,0,NA,0,NA,0,NA,South-West,8,West,8,West,2,Rain this morning,NA,NA,NA,NA,NA,NA,NA,NA
1861-04-30,NA,NA,NA,NA,35,40,22,NA,NA,NA,NA,NA,NA,2,NA,0,NA,NA,2,0,NA,6,NA,1,NA,0,0,North,8,West,6,Very cold wind,NA,NA,NA,NA,NA,NA,NA,NA
1861-05-01,NA,NA,NA,NA,16,36,28,26.67,NA,NA,NA,NA,NA,0,NA,0,NA,NA,0,0,NA,0,NA,0,NA,North,7,West,4,0,0,NA,NA,NA,NA,NA,NA,NA,NA,NA
1861-05-02,NA,NA,NA,NA,20,40,30,NA,NA,NA,NA,NA,NA,0,NA,0,NA,NA,2,0,NA,10,NA,0,NA,North,2,West,4,0,0,NA,NA,NA,NA,NA,NA,NA,NA,NA
1861-05-03,NA,NA,NA,NA,28,40,30,NA,NA,NA,NA,NA,NA,0,NA,0,NA,NA,0,0,NA,0,NA,0,NA,South,2,West,3,0,0,NA,NA,NA,NA,NA,NA,NA,NA,NA
1861-05-04,NA,NA,NA,NA,30,47,30,NA,NA,NA,NA,NA,NA,0,NA,0,NA,NA,0,0,NA,0,NA,0,NA,North,1,West,2,0,0,NA,NA,NA,NA,NA,NA,NA,NA,NA
1861-05-05,NA,NA,NA,NA,40,63,50,NA,NA,NA,NA,NA,NA,0,NA,0,NA,NA,0,0,NA,0,NA,0,NA,0,0,South,6,South-East,7,Squally,,,,,NA,NA,NA,NA
1861-05-06,NA,NA,NA,NA,43,60,37,NA,NA,NA,NA,NA,NA,0,NA,0,NA,NA,0,0,NA,0,NA,0,NA,North,2,West,4,West,4,NA,NA,NA,NA,NA,NA,NA,NA,NA
1861-05-07,NA,NA,NA,NA,45,59,34,NA,NA,NA,NA,NA,NA,8,NA,6,NA,NA,7,5,NA,0,NA,0,NA,North,3,North,4,North,1,NA,NA,NA,NA,NA,NA,NA,NA,NA
1861-05-08,NA,NA,NA,NA,32,49,36,NA,NA,NA,NA,NA,NA,2,NA,0,NA,NA,3,0,NA,0,NA,0,NA,North,2,West,3,0,0,NA,NA,NA,NA,NA,NA,NA,NA,NA
1861-05-09,NA,NA,NA,NA,35,66,40,NA,NA,NA,NA,NA,NA,0,NA,9,NA,NA,7,0,NA,3,NA,0,NA,North,2,0,0,0,0,NA,NA,NA,NA,NA,NA,NA,NA,NA
1861-05-10,NA,NA,NA,NA,48,57,35,NA,NA,NA,NA,NA,NA,0,NA,0,NA,NA,0,0,NA,0,NA,0,NA,East,4,0,0,0,0,NA,NA,NA,NA,NA,NA,NA,NA,NA
1861-05-11,NA,NA,NA,NA,36,50,40,NA,NA,NA,NA,NA,NA,6,NA,2,NA,NA,8,2,NA,7,NA,0,NA,East,2,East,4,0,0,Raining most of the day,,,,,NA,NA,NA,NA
1861-05-12,NA,NA,NA,NA,40,45,37,NA,NA,NA,NA,NA,NA,8,NA,0,NA,NA,9,0,NA,7,NA,0,NA,West,2,South-East,4,0,0,Raining most of the day,NA,NA,NA,NA,NA,NA,NA,NA
1861-05-13,NA,NA,NA,NA,37,42,30,NA,NA,NA,NA,NA,NA,4,NA,0,NA,NA,0,0,NA,2,NA,0,NA,North-East,3,North-East,4,North-East,2,Raining in the evening,NA,NA,NA,NA,NA,NA,NA,NA
1861-05-14,NA,NA,NA,NA,40,57,36,NA,NA,NA,NA,NA,NA,8,NA,0,NA,NA,7,0,NA,4,NA,0,NA,North-East,4,North,7,North,2,NA,NA,NA,NA,NA,NA,NA,NA,NA
1861-05-15,NA,NA,NA,NA,38,52,37,NA,NA,NA,NA,NA,NA,10,NA,4,NA,NA,10,0,NA,10,NA,0,NA,North-East,2,North-East,4,West,3,Raining last night,NA,NA,NA,NA,NA,NA,NA,NA
1861-05-16,NA,NA,NA,NA,38,47,40,NA,NA,NA,NA,NA,NA,2,NA,0,NA,NA,6,0,NA,8,NA,0,NA,North,3,North-West,4,West,2,NA,NA,NA,NA,NA,NA,NA,NA,NA
1861-05-17,NA,NA,NA,NA,35,42,40,NA,NA,NA,NA,NA,NA,4,NA,0,NA,NA,8,0,NA,0,NA,0,NA,South,1,South,4,0,0,Corn gardening and sowing seeds,NA,NA,NA,NA,NA,NA,NA,NA
1861-05-18,NA,NA,NA,NA,47,60,40,NA,NA,NA,NA,NA,NA,0,NA,0,NA,NA,4,0,NA,3,NA,0,NA,North-East,2,South,2,0,0,NA,NA,NA,NA,NA,NA,NA,NA,NA
1861-05-19,NA,NA,NA,NA,48,50,40,NA,NA,NA,NA,NA,NA,4,NA,0,NA,NA,4,2,NA,2,NA,0,NA,East,3,East,2,North,2,NA,NA,NA,NA,NA,NA,NA,NA,NA
1861-05-20,NA,NA,NA,NA,45,64,48,NA,NA,NA,NA,NA,NA,0,NA,0,NA,NA,0,0,NA,0,NA,0,NA,South-East,2,West,4,West,1,NA,NA,NA,NA,NA,NA,NA,NA,NA
1861-05-21,NA,NA,NA,NA,47,40,44,NA,NA,NA,NA,NA,NA,0,NA,0,NA,NA,0,0,NA,0,NA,0,NA,South,2,West,4,0,0,NA,NA,NA,NA,NA,NA,NA,NA,NA
1861-05-22,NA,NA,NA,NA,48,55,46,NA,NA,NA,NA,NA,NA,0,NA,0,NA,NA,0,0,NA,0,NA,0,NA,West,1,West,2,0,0,NA,NA,NA,NA,NA,NA,NA,NA,NA
1861-05-23,NA,NA,NA,NA,50,65,60,58.33,NA,NA,NA,NA,NA,6,NA,0,NA,NA,10,10,NA,10,NA,0,NA,East,1,0,0,0,0,Light rain and heavy thunder and lightning,NA,NA,NA,NA,NA,NA,NA,NA
1861-05-24,NA,NA,NA,NA,55,60,50,NA,NA,NA,NA,NA,NA,0,NA,0,NA,NA,0,0,NA,0,NA,0,NA,South-West,2,South-West,4,0,0,NA,NA,NA,NA,NA,NA,NA,NA,NA
1861-05-25,NA,NA,NA,NA,45,50,40,NA,NA,NA,NA,NA,NA,0,NA,0,NA,NA,0,0,NA,0,NA,0,NA,0,0,0,0,0,0,NA,NA,NA,NA,NA,NA,NA,NA,NA
1861-05-26,NA,NA,NA,NA,50,55,45,NA,NA,NA,NA,NA,NA,0,NA,0,NA,NA,4,4,NA,6,NA,0,NA,West,2,West,2,0,0,NA,NA,NA,NA,NA,NA,NA,NA,NA
1861-05-27,NA,NA,NA,NA,40,50,38,NA,NA,NA,NA,NA,NA,4,NA,0,NA,NA,2,0,NA,0,NA,0,NA,North,2,North,5,0,0,Corn planting potatoes,NA,NA,NA,NA,NA,NA,NA,NA
1861-05-28,NA,NA,NA,NA,40,49,37,NA,NA,NA,NA,NA,NA,5,NA,0,NA,NA,1,0,NA,0,NA,0,NA,North,3,North,2,West,2,NA,NA,NA,NA,NA,NA,NA,NA,NA
1861-05-29,NA,NA,NA,NA,40,52,36,NA,NA,NA,NA,NA,NA,0,NA,0,NA,NA,0,0,NA,0,NA,0,NA,South,2,West,4,West,2,Finished planting potatoes (32 pounds),NA,NA,NA,NA,NA,NA,NA,NA
1861-05-30,NA,NA,NA,NA,41,54,38,NA,NA,NA,NA,NA,NA,0,NA,0,NA,NA,0,0,NA,0,NA,0,NA,North,1,0,0,0,0,NA,NA,NA,NA,NA,NA,NA,NA,NA
1861-05-31,NA,NA,NA,NA,32,40,27,NA,NA,NA,NA,NA,NA,2,NA,0,NA,NA,0,0,NA,0,NA,0,NA,0,0,0,0,0,0,NA,NA,NA,NA,NA,NA,NA,NA,NA
1861-07-01,NA,NA,NA,NA,50,60,48,,NA,NA,NA,NA,NA,0,NA,0,NA,NA,0,0,NA,0,NA,0,NA,North,2,West,1,West,2,NA,NA,NA,NA,NA,NA,NA,NA,NA
1861-07-02,NA,NA,NA,NA,48,60,45,NA,NA,NA,NA,NA,NA,0,NA,0,NA,NA,0,0,NA,0,NA,0,NA,West,2,West,2,0,0,[illegible] first seen this evening a little west of North.,,,,,NA,NA,NA,NA
1861-07-03,NA,NA,NA,NA,47,63,49,NA,NA,NA,NA,NA,NA,0,NA,0,NA,NA,2,0,NA,0,NA,0,NA,South,2,South,3,0,0,NA,NA,NA,NA,NA,NA,NA,NA,NA
1861-07-04,NA,NA,NA,NA,50,80,65,NA,NA,NA,NA,NA,NA,0,NA,0,NA,NA,4,0,NA,0,NA,0,NA,West,2,South,6,South,0,[illegible] again seen further west and altitude greater,NA,NA,NA,NA,NA,NA,NA,NA
1861-07-05,NA,NA,NA,NA,60,70,60,NA,NA,NA,NA,NA,NA,1,NA,0,NA,NA,6,0,NA,0,NA,0,NA,East,1,South-East,3,0,0,NA,NA,NA,NA,NA,NA,NA,NA,NA
1861-07-06,NA,NA,NA,NA,59,68,60,NA,NA,NA,NA,NA,NA,0,NA,0,NA,NA,0,0,NA,0,NA,0,NA,West,1,West,3,0,0,NA,NA,NA,NA,NA,NA,NA,NA,NA
1861-07-07,NA,NA,NA,NA,58,69,60,NA,NA,NA,NA,NA,NA,10,NA,0,NA,NA,8,2,NA,0,NA,0,NA,South-West,3,South-West,4,0,0,[illegible] again seen farther west and altitude much greater,NA,NA,NA,NA,NA,NA,NA,NA
1861-07-08,NA,NA,NA,NA,50,62,48,NA,NA,NA,NA,NA,NA,0,NA,0,NA,NA,0,0,NA,0,NA,0,NA,West,2,West,3,0,0,NA,NA,NA,NA,NA,NA,NA,NA,NA
1861-07-09,NA,NA,NA,NA,54,70,60,NA,NA,NA,NA,NA,NA,10,NA,0,NA,NA,6,0,NA,2,NA,0,NA,West,1,South-West,3,0,0,Rained a little to day,NA,NA,NA,NA,NA,NA,NA,NA
1861-07-10,NA,NA,NA,NA,58,72,61,NA,NA,NA,NA,NA,NA,2,NA,0,NA,NA,2,0,NA,0,NA,0,NA,North-West,2,West,3,0,0,NA,NA,NA,NA,NA,NA,NA,NA,NA
1861-07-11,NA,NA,NA,NA,50,64,49,NA,NA,NA,NA,NA,NA,0,NA,2,NA,NA,2,0,NA,0,NA,0,NA,North,2,South,3,0,0,NA,NA,NA,NA,NA,NA,NA,NA,NA
1861-07-12,NA,NA,NA,NA,51,70,54,NA,NA,NA,NA,NA,NA,2,NA,0,NA,NA,0,0,NA,0,NA,0,NA,West,1,West,3,0,0,NA,NA,NA,NA,NA,NA,NA,NA,NA
1861-07-13,NA,NA,NA,NA,55,73,60,NA,NA,NA,NA,NA,NA,0,NA,0,NA,NA,0,0,NA,0,NA,0,NA,West,2,West,4,0,0,NA,NA,NA,NA,NA,NA,NA,NA,NA
1861-07-14,NA,NA,NA,NA,58,72,61,NA,NA,NA,NA,NA,NA,2,NA,0,NA,NA,10,0,NA,10,NA,0,NA,South-East,2,South-East,3,South-East,6,Blowing great from [crossed out: all day] in the night.,NA,NA,NA,NA,NA,NA,NA,NA
1861-07-15,NA,NA,NA,NA,60,65,54,NA,NA,NA,NA,NA,NA,10,NA,0,NA,NA,10,0,NA,6,NA,0,NA,South,2,West,2,0,0,Foggy all day,NA,NA,NA,NA,NA,NA,NA,NA
1861-07-16,NA,NA,NA,NA,54,56,50,NA,NA,NA,NA,NA,NA,6,NA,0,NA,NA,4,0,NA,2,NA,0,NA,West,3,West,4,South-West,4,NA,NA,NA,NA,NA,NA,NA,NA,NA
1861-07-17,NA,NA,NA,NA,57,70,60,NA,NA,NA,NA,NA,NA,0,NA,0,NA,NA,0,0,NA,0,NA,0,NA,North-East,2,West,1,0,0,NA,NA,NA,NA,NA,NA,NA,NA,NA
1861-07-18,NA,NA,NA,NA,54,60,50,NA,NA,NA,NA,NA,NA,8,NA,0,NA,NA,8,0,NA,8,NA,0,NA,East,2,West,2,0,0,Foggy,NA,NA,NA,NA,NA,NA,NA,NA
1861-07-19,NA,NA,NA,NA,50,55,40,48.33,NA,NA,NA,NA,NA,10,NA,2,NA,NA,10,2,NA,10,NA,0,NA,West,2,West,3,0,0,NA,NA,NA,NA,NA,NA,NA,NA,NA
1861-07-20,NA,NA,NA,NA,48,60,50,,NA,NA,NA,NA,NA,8,NA,0,NA,NA,8,0,NA,6,NA,0,NA,West,1,West,2,0,0,Rained a little,NA,NA,NA,NA,NA,NA,NA,NA
1861-07-21,NA,NA,NA,NA,52,60,48,NA,NA,NA,NA,NA,NA,6,NA,0,NA,NA,2,0,NA,0,NA,0,NA,North,1,West,2,0,0,Rain and foggy,NA,NA,NA,NA,NA,NA,NA,NA
1861-07-22,NA,NA,NA,NA,53,60,47,NA,NA,NA,NA,NA,NA,0,NA,0,NA,NA,2,0,NA,2,NA,0,NA,West,2,West,4,0,0,NA,NA,NA,NA,NA,NA,NA,NA,NA
1861-07-23,NA,NA,NA,NA,52,70,57,NA,NA,NA,NA,NA,NA,0,NA,0,NA,NA,0,0,NA,0,NA,0,NA,South-East,1,South-East,2,0,0,NA,NA,NA,NA,NA,NA,NA,NA,NA
1861-07-24,NA,NA,NA,NA,52,74,70,NA,NA,NA,NA,NA,NA,0,NA,0,NA,NA,2,0,NA,3,['[\'\']'],0,['[\'\']'],South,1,West,6,South-East,6,NA,NA,NA,NA,NA,NA,NA,NA,NA
1861-07-25,NA,NA,NA,NA,49,70,69,NA,NA,NA,NA,NA,NA,10,NA,0,NA,NA,10,0,NA,10,NA,0,NA,South-East,2,South-East,2,South,Illegible,Rained to day and a severe storm last night,NA,NA,NA,NA,NA,NA,NA,NA
1861-07-26,NA,NA,NA,NA,50,72,50,NA,NA,NA,NA,NA,NA,4,NA,0,NA,NA,0,0,NA,0,NA,0,NA,West,1,North,2,0,0,NA,NA,NA,NA,NA,NA,NA,NA,NA
1861-07-27,NA,NA,NA,NA,48,59,49,NA,NA,NA,NA,NA,NA,0,NA,0,NA,NA,0,0,NA,0,NA,0,NA,North,2,0,0,0,0,NA,NA,NA,NA,NA,NA,NA,NA,NA
1861-07-28,NA,NA,NA,NA,50,70,68,NA,NA,NA,NA,NA,NA,4,NA,0,NA,NA,4,0,NA,0,NA,0,NA,South-East,3,North-East,4,0,0,NA,NA,NA,NA,NA,NA,NA,NA,NA
1861-07-29,NA,NA,NA,NA,48,60,50,NA,NA,NA,NA,NA,NA,2,NA,0,NA,NA,0,0,NA,0,NA,0,NA,West,2,West,3,0,0,NA,NA,NA,NA,NA,NA,NA,NA,NA
1861-07-30,NA,NA,NA,NA,52,70,68,NA,NA,NA,NA,NA,NA,0,NA,0,NA,NA,0,0,NA,0,NA,0,NA,West,1,West,2,0,0,NA,NA,NA,NA,NA,NA,NA,NA,NA
1861-07-31,NA,NA,NA,NA,75,80,70,75,NA,NA,NA,NA,NA,2,NA,0,NA,NA,0,0,NA,0,NA,0,NA,West,2,North,3,0,0,NA,NA,NA,NA,NA,NA,NA,NA,NA
1861-08-01,NA,NA,NA,NA,65,95,90,Empty,NA,NA,NA,NA,NA,10,Empty,0,Empty,Empty,6,0,Empty,0,Empty,0,Empty,North,1,West,3,West,2,NA,NA,NA,NA,NA,NA,NA,NA,NA
1861-08-02,NA,NA,NA,NA,60,78,70,empty,NA,NA,NA,NA,NA,10,Empty,0,Empty,Empty,8,0,Empty,8,Empty,0,Empty,West,2,West,2,0,0,NA,NA,NA,NA,NA,NA,NA,NA,NA
1861-08-03,NA,NA,NA,NA,58,79,68,empty,NA,NA,NA,NA,NA,4,Empty,0,Empty,Empty,2,0,Empty,0,Empty,0,Empty,West,1,0,0,0,0,NA,NA,NA,NA,NA,NA,NA,NA,NA
1861-08-04,NA,NA,NA,NA,65,74,70,empty,NA,NA,NA,NA,NA,6,Empty,0,Empty,Empty,2,0,Empty,0,Empty,0,Empty,West,1,West,3,0,0,NA,NA,NA,NA,NA,NA,NA,NA,NA
1861-08-05,NA,NA,NA,NA,63,70,59,empty,NA,NA,NA,NA,NA,7,Empty,0,Empty,Empty,8,2,Empty,4,Empty,0,Empty,West,2,0,0,0,0,NA,NA,NA,NA,NA,NA,NA,NA,NA
1861-08-06,NA,NA,NA,NA,64,70,64,empty,NA,NA,NA,NA,NA,0,Empty,0,Empty,Empty,2,0,Empty,2,Empty,0,Empty,West,1,West,2,0,0,NA,NA,NA,NA,NA,NA,NA,NA,NA
1861-08-07,NA,NA,NA,NA,58,72,60,empty,NA,NA,NA,NA,NA,0,Empty,0,Empty,Empty,0,0,Empty,2,Empty,0,Empty,North,2,North-West,3,0,0,NA,NA,NA,NA,NA,NA,NA,NA,NA
1861-08-08,NA,NA,NA,NA,60,74,64,empty,NA,NA,NA,NA,NA,0,Empty,0,Empty,Empty,0,0,Empty,0,Empty,0,Empty,West,1,West,2,0,0,NA,NA,NA,NA,NA,NA,NA,NA,NA
1861-08-09,NA,NA,NA,NA,59,72,61,empty,NA,NA,NA,NA,NA,0,Empty,0,Empty,Empty,0,0,Empty,0,Empty,0,Empty,West,2,West,3,0,0,NA,NA,NA,NA,NA,NA,NA,NA,NA
1861-08-10,NA,NA,NA,NA,60,68,60,empty,NA,NA,NA,NA,NA,0,Empty,0,Empty,Empty,4,0,Empty,0,Empty,0,Empty,North,2,West,4,West,2,NA,NA,NA,NA,NA,NA,NA,NA,NA
1861-08-11,NA,NA,NA,NA,61,65,60,empty,NA,NA,NA,NA,NA,2,Empty,0,Empty,Empty,2,0,Empty,0,Empty,0,Empty,South,2,South,3,0,0,NA,NA,NA,NA,NA,NA,NA,NA,NA
1861-08-12,NA,NA,NA,NA,35,50,40,empty,NA,NA,NA,NA,NA,2,Empty,0,Empty,Empty,2,0,Empty,2,Empty,0,Empty,East,1,0,0,0,0,NA,NA,NA,NA,NA,NA,NA,NA,NA
1861-08-13,NA,NA,NA,NA,40,70,68,empty,NA,NA,NA,NA,NA,0,Empty,0,Empty,Empty,0,0,Empty,0,Empty,0,Empty,North,2,South,2,South,2,NA,NA,NA,NA,NA,NA,NA,NA,NA
1861-08-14,NA,NA,NA,NA,49,66,58,empty,NA,NA,NA,NA,NA,2,Empty,0,Empty,Empty,0,0,Empty,0,Empty,0,Empty,West,1,West,2,0,0,NA,NA,NA,NA,NA,NA,NA,NA,NA
1861-08-15,NA,NA,NA,NA,58,70,65,empty,NA,NA,NA,NA,NA,4,Empty,0,Empty,Empty,6,0,Empty,8,Empty,0,Empty,South,2,South,8,South,2,NA,NA,NA,NA,NA,NA,NA,NA,NA
1861-08-16,NA,NA,NA,NA,60,75,64,empty,NA,NA,NA,NA,NA,8,Empty,0,Empty,Empty,10,0,Empty,10,Empty,0,Empty,West,2,West,3,0,0,NA,NA,NA,NA,NA,NA,NA,NA,NA
1861-08-17,NA,NA,NA,NA,61,70,58,empty,NA,NA,NA,NA,NA,0,Empty,0,Empty,Empty,0,0,Empty,0,Empty,0,Empty,West,1,West,2,0,0,NA,NA,NA,NA,NA,NA,NA,NA,NA
1861-08-18,NA,NA,NA,NA,None,72,60,empty,NA,NA,NA,NA,NA,0,Empty,0,Empty,Empty,0,0,Empty,0,Empty,0,Empty,South-East,1,West,2,West,1,NA,NA,NA,NA,NA,NA,NA,NA,NA
1861-08-19,NA,NA,NA,NA,52,67,50,empty,NA,NA,NA,NA,NA,10,Empty,0,Empty,Empty,6,0,Empty,0,Empty,0,Empty,South,1,West,2,0,0,NA,NA,NA,NA,NA,NA,NA,NA,NA
1861-08-20,NA,NA,NA,NA,60,70,58,empty,NA,NA,NA,NA,NA,10,Empty,2,Empty,Empty,8,0,Empty,6,Empty,0,Empty,0,0,West,2,0,0,NA,NA,NA,NA,NA,NA,NA,NA,NA
1861-08-21,NA,NA,NA,NA,61,72,60,empty,NA,NA,NA,NA,NA,10,Empty,0,Empty,Empty,8,2,Empty,4,Empty,0,Empty,South-West,1,0,0,0,0,NA,NA,NA,NA,NA,NA,NA,NA,NA
1861-08-22,NA,NA,NA,NA,50,68,60,empty,NA,NA,NA,NA,NA,0,Empty,0,Empty,Empty,0,0,Empty,0,Empty,0,Empty,South-West,1,South-West,5,South-West,3,NA,NA,NA,NA,NA,NA,NA,NA,NA
1861-08-23,NA,NA,NA,NA,50,70,61,empty,NA,NA,NA,NA,NA,2,Empty,0,Empty,Empty,0,0,Empty,0,Empty,0,Empty,0,0,West,2,0,0,NA,NA,NA,NA,NA,NA,NA,NA,NA
1861-08-24,NA,NA,NA,NA,48,68,57,empty,NA,NA,NA,NA,NA,0,Empty,0,Empty,Empty,3,0,Empty,6,Empty,0,Empty,0,0,West,2,0,0,NA,NA,NA,NA,NA,NA,NA,NA,NA
1861-08-25,NA,NA,NA,NA,50,60,55,empty,NA,NA,NA,NA,NA,2,Empty,0,Empty,Empty,2,0,Empty,4,Empty,0,Empty,West,2,South,4,South,6,NA,NA,NA,NA,NA,NA,NA,NA,NA
1861-08-26,NA,NA,NA,NA,45,60,55,empty,NA,NA,NA,NA,NA,0,Empty,0,Empty,Empty,0,0,Empty,0,Empty,0,Empty,South,2,West,4,West,2,NA,NA,NA,NA,NA,NA,NA,NA,NA
1861-08-27,NA,NA,NA,NA,59,70,60,empty,NA,NA,NA,NA,NA,8,Empty,0,Empty,Empty,2,0,Empty,2,Empty,0,Empty,West,2,West,4,West,2,NA,NA,NA,NA,NA,NA,NA,NA,NA
1861-08-28,NA,NA,NA,NA,58,70,59,empty,NA,NA,NA,NA,NA,10,Empty,0,Empty,Empty,2,0,Empty,0,Empty,0,Empty,0,0,North,3,West,3,NA,NA,NA,NA,NA,NA,NA,NA,NA
1861-08-29,NA,NA,NA,NA,50,60,50,empty,NA,NA,NA,NA,NA,4,Empty,0,Empty,Empty,2,0,Empty,0,Empty,0,Empty,0,0,West,3,West,2,NA,NA,NA,NA,NA,NA,NA,NA,NA
1861-08-30,NA,NA,NA,NA,45,62,48,empty,NA,NA,NA,NA,NA,0,Empty,0,Empty,Empty,0,0,Empty,0,Empty,0,Empty,North,2,West,3,0,0,NA,NA,NA,NA,NA,NA,NA,NA,NA
1861-08-31,NA,NA,NA,NA,40,55,47,empty,NA,NA,NA,NA,NA,0,Empty,0,Empty,Empty,0,0,Empty,0,Empty,0,Empty,0,0,North,2,0,0,NA,NA,NA,NA,NA,NA,NA,NA,NA
1861-09-01,NA,NA,NA,NA,46,60,50,empty,NA,NA,NA,NA,NA,10,0,0,Empty,Empty,10,3,Empty,10,Empty,0,Empty,East,2,East,2,East,2,NA,NA,NA,NA,NA,NA,NA,NA,NA
1861-09-02,NA,NA,NA,NA,57,60,49,empty,NA,NA,NA,NA,NA,10,Empty,0,Empty,Empty,10,0,Empty,10,Empty,0,Empty,South-East,1,0,0,0,0,NA,NA,NA,NA,NA,NA,NA,NA,NA
1861-09-03,NA,NA,NA,NA,58,62,50,empty,NA,NA,NA,NA,NA,6,Empty,3,Empty,Empty,6,2,Empty,0,Empty,0,Empty,West,2,West,3,0,0,NA,NA,NA,NA,NA,NA,NA,NA,NA
1861-09-04,NA,NA,NA,NA,40,60,50,empty,NA,NA,NA,NA,NA,0,Empty,0,Empty,Empty,0,0,Empty,0,Empty,0,Empty,West,1,West,3,0,0,NA,NA,NA,NA,NA,NA,NA,NA,NA
1861-09-05,NA,NA,NA,NA,55,63,59,empty,NA,NA,NA,NA,NA,10,Empty,0,Empty,Empty,10,0,Empty,10,Empty,0,Empty,0,0,North-East,3,0,0,NA,NA,NA,NA,NA,NA,NA,NA,NA
1861-09-06,NA,NA,NA,NA,45,50,48,empty,NA,NA,NA,NA,NA,8,Empty,2,Empty,Empty,0,0,Empty,0,Empty,0,Empty,North-East,3,North-East,3,0,0,NA,NA,NA,NA,NA,NA,NA,NA,NA
1861-09-07,NA,NA,NA,NA,48,60,50,empty,NA,NA,NA,NA,NA,2,Empty,0,Empty,Empty,4,0,Empty,2,Empty,0,Empty,0,0,North,2,West,2,NA,NA,NA,NA,NA,NA,NA,NA,NA
1861-09-08,NA,NA,NA,NA,50,60,54,empty,NA,NA,NA,NA,NA,8,Empty,0,Empty,Empty,2,0,Empty,0,Empty,0,Empty,North,1,South-West,2,0,0,NA,NA,NA,NA,NA,NA,NA,NA,NA
1861-09-09,NA,NA,NA,NA,56,61,59,empty,NA,NA,NA,NA,NA,6,None,3,Empty,Empty,0,0,Empty,0,Empty,0,Empty,South-West,2,South-West,4,0,0,NA,NA,NA,NA,NA,NA,NA,NA,NA
1861-09-10,NA,NA,NA,NA,50,63,51,empty,NA,NA,NA,NA,NA,10,Empty,0,Empty,Empty,8,0,Empty,0,Empty,0,Empty,0,0,0,0,0,0,NA,NA,NA,NA,NA,NA,NA,NA,NA
1861-09-11,NA,NA,NA,NA,48,60,50,empty,NA,NA,NA,NA,NA,10,Empty,0,Empty,Empty,10,0,Empty,10,Empty,0,Empty,South,2,South,3,South,2,NA,NA,NA,NA,NA,NA,NA,NA,NA
1861-09-12,NA,NA,NA,NA,53,62,55,empty,NA,NA,NA,NA,NA,0,Empty,0,Empty,Empty,8,0,Empty,6,Empty,0,Empty,South-East,1,South-East,2,South,2,NA,NA,NA,NA,NA,NA,NA,NA,NA
1861-09-13,NA,NA,NA,NA,50,59,52,empty,NA,NA,NA,NA,NA,6,Empty,0,Empty,Empty,6,0,Empty,6,Empty,0,Empty,South,3,South,3,South-East,0,NA,NA,NA,NA,NA,NA,NA,NA,NA
1861-09-14,NA,NA,NA,NA,49,68,54,empty,NA,NA,NA,NA,NA,10,Empty,0,Empty,Empty,10,0,Empty,10,Empty,0,Empty,South,3,South,4,0,0,NA,NA,NA,NA,NA,NA,NA,NA,NA
1861-09-15,NA,NA,NA,NA,42,56,44,empty,NA,NA,NA,NA,NA,4,Empty,0,Empty,Empty,2,0,Empty,0,Empty,0,Empty,South,2,South-West,3,0,0,NA,NA,NA,NA,NA,NA,NA,NA,NA
1861-09-16,NA,NA,NA,NA,41,60,50,empty,NA,NA,NA,NA,NA,5,Empty,2,Empty,Empty,6,2,Empty,0,Empty,0,Empty,South,3,South-West,4,0,0,NA,NA,NA,NA,NA,NA,NA,NA,NA
1861-09-17,NA,NA,NA,NA,45,60,52,empty,NA,NA,NA,NA,NA,6,Empty,0,Empty,Empty,0,0,Empty,0,Empty,0,Empty,0,0,West,3,0,0,NA,NA,NA,NA,NA,NA,NA,NA,NA
1861-09-18,NA,NA,NA,NA,40,58,48,empty,NA,NA,NA,NA,NA,4,Empty,2,Empty,Empty,3,4,Empty,0,Empty,0,Empty,South-West,4,South-West,6,South-West,2,NA,NA,NA,NA,NA,NA,NA,NA,NA
1861-09-19,NA,NA,NA,NA,38,59,40,empty,NA,NA,NA,NA,NA,6,Empty,0,Empty,Empty,4,0,Empty,2,Empty,0,Empty,East,2,North-East,4,North-East,2,NA,NA,NA,NA,NA,NA,NA,NA,NA
1861-09-20,NA,NA,NA,NA,30,40,35,empty,NA,NA,NA,NA,NA,0,Empty,0,Empty,Empty,0,0,Empty,0,Empty,0,Empty,0,0,0,0,0,0,NA,NA,NA,NA,NA,NA,NA,NA,NA
1861-09-21,NA,NA,NA,NA,55,65,60,empty,NA,NA,NA,NA,NA,10,Empty,0,Empty,Empty,10,8,Empty,8,Empty,0,Empty,West,3,South-West,4,South-West,2,NA,NA,NA,NA,NA,NA,NA,NA,NA
1861-09-22,NA,NA,NA,NA,50,62,60,empty,NA,NA,NA,NA,NA,0,Empty,0,Empty,Empty,0,0,Empty,0,Empty,0,Empty,West,1,North,2,0,0,NA,NA,NA,NA,NA,NA,NA,NA,NA
1861-09-23,NA,NA,NA,NA,40,60,52,empty,NA,NA,NA,NA,NA,0,Empty,0,Empty,Empty,0,0,Empty,0,Empty,0,Empty,South,1,West,4,0,0,NA,NA,NA,NA,NA,NA,NA,NA,NA
1861-09-24,NA,NA,NA,NA,38,60,60,empty,NA,NA,NA,NA,NA,0,Empty,0,Empty,Empty,4,0,Empty,4,Empty,1,Empty,South-East,1,South,1,South,8,NA,NA,NA,NA,NA,NA,NA,NA,NA
1861-09-25,NA,NA,NA,NA,55,60,48,empty,NA,NA,NA,NA,NA,10,Empty,2,Empty,Empty,10,2,Empty,8,Empty,0,Empty,South-West,3,South,1,South,6,NA,NA,NA,NA,NA,NA,NA,NA,NA
1861-09-26,NA,NA,NA,NA,40,45,42,empty,NA,NA,NA,NA,NA,10,Empty,0,Empty,Empty,8,0,Empty,8,Empty,0,Empty,North-East,4,North-East,5,North-East,5,NA,NA,NA,NA,NA,NA,NA,NA,NA
1861-09-27,NA,NA,NA,NA,35,40,34,empty,NA,NA,NA,NA,NA,10,Empty,0,Empty,Empty,8,0,Empty,0,Empty,0,Empty,North,4,North,3,0,0,NA,NA,NA,NA,NA,NA,NA,NA,NA
1861-09-28,NA,NA,NA,NA,45,54,50,empty,NA,NA,NA,NA,NA,8,Empty,4,Empty,Empty,4,0,Empty,2,Empty,0,Empty,South,2,North,1,0,0,NA,NA,NA,NA,NA,NA,NA,NA,NA
1861-09-29,NA,NA,NA,NA,40,60,51,empty,NA,NA,NA,NA,NA,10,Empty,0,Empty,Empty,6,0,Empty,4,Empty,0,Empty,North,1,North,2,0,0,NA,NA,NA,NA,NA,NA,NA,NA,NA
1861-09-30,NA,NA,NA,NA,55,50,40,empty,NA,NA,NA,NA,NA,3,Empty,0,Empty,Empty,0,0,Empty,0,Empty,0,Empty,South,1,West,4,West,1,NA,NA,NA,NA,NA,NA,NA,NA,NA
1861-10-01,NA,NA,NA,NA,40,50,52,,NA,NA,NA,NA,NA,10,None,2,None,None,10,3,None,10,None,0,None,East,2,East,2,East,1,NA,NA,NA,NA,NA,NA,NA,NA,NA
1861-10-02,NA,NA,NA,NA,45,55,42,None,NA,NA,NA,NA,NA,10,None,0,None,None,10,4,None,10,None,0,None,0,0,South-West,3,South-West,1,NA,NA,NA,NA,NA,NA,NA,NA,NA
1861-10-03,NA,NA,NA,NA,42,56,40,None,NA,NA,NA,NA,NA,10,None,0,None,None,10,3,None,10,None,0,None,0,0,South-West,2,0,0,NA,NA,NA,NA,NA,NA,NA,NA,NA
1861-10-04,NA,NA,NA,NA,35,45,40,None,NA,NA,NA,NA,NA,10,None,0,None,None,6,2,None,0,None,0,None,0,0,West,2,0,0,NA,NA,NA,NA,NA,NA,NA,NA,NA
1861-10-05,NA,NA,NA,NA,33,50,40,Empty,NA,NA,NA,NA,NA,10,None,0,None,None,10,2,None,10,None,0,None,East,2,East,2,0,0,NA,NA,NA,NA,NA,NA,NA,NA,NA
1861-10-06,NA,NA,NA,NA,40,50,45,None,NA,NA,NA,NA,NA,10,None,0,None,None,10,1,None,10,None,0,None,West,2,West,10,West,8,NA,NA,NA,NA,NA,NA,NA,NA,NA
1861-10-07,NA,NA,NA,NA,35,52,40,None,NA,NA,NA,NA,NA,0,None,0,None,None,0,2,None,0,None,0,None,North,2,North,2,0,0,NA,NA,NA,NA,NA,NA,NA,NA,NA
1861-10-08,NA,NA,NA,NA,32,55,40,None,NA,NA,NA,NA,NA,8,None,0,None,None,0,0,None,0,None,0,None,North-East,1,West,4,North,1,NA,NA,NA,NA,NA,NA,NA,NA,NA
1861-10-09,NA,NA,NA,NA,40,64,60,None,NA,NA,NA,NA,NA,0,None,0,None,None,0,0,None,0,None,0,None,South,1,South,4,South,6,NA,NA,NA,NA,NA,NA,NA,NA,NA
1861-10-10,NA,NA,NA,NA,55,68,54,None,NA,NA,NA,NA,NA,0,None,0,None,None,2,0,None,0,None,0,None,South,3,South,6,0,0,NA,NA,NA,NA,NA,NA,NA,NA,NA
1861-10-11,NA,NA,NA,NA,50,60,58,None,NA,NA,NA,NA,NA,0,None,0,None,None,0,0,None,0,None,0,None,0,0,South,2,North,2,NA,NA,NA,NA,NA,NA,NA,NA,NA
1861-10-12,NA,NA,NA,NA,40,50,42,None,NA,NA,NA,NA,NA,10,None,0,None,None,10,2,None,0,None,0,None,South-West,6,South-West,4,0,0,NA,NA,NA,NA,NA,NA,NA,NA,NA
1861-10-13,NA,NA,NA,NA,30,50,40,None,NA,NA,NA,NA,NA,6,None,0,None,None,10,2,None,4,None,0,None,North,1,South-West,2,0,0,NA,NA,NA,NA,NA,NA,NA,NA,NA
1861-10-14,NA,NA,NA,NA,40,50,48,None,NA,NA,NA,NA,NA,6,None,0,None,None,2,0,None,0,None,0,None,West,2,West,4,0,0,NA,NA,NA,NA,NA,NA,NA,NA,NA
1861-10-15,NA,NA,NA,NA,30,48,44,None,NA,NA,NA,NA,NA,2,None,0,None,None,0,0,None,0,None,0,None,North,1,West,2,North,1,NA,NA,NA,NA,NA,NA,NA,NA,NA
1861-10-16,NA,NA,NA,NA,40,56,50,None,NA,NA,NA,NA,NA,10,None,2,None,None,10,4,None,8,None,0,None,North,1,North,1,North,2,NA,NA,NA,NA,NA,NA,NA,NA,NA
1861-10-17,NA,NA,NA,NA,32,46,40,None,NA,NA,NA,NA,NA,10,None,0,None,None,10,3,None,0,None,0,None,North,3,North,2,North,1,NA,NA,NA,NA,NA,NA,NA,NA,NA
1861-10-18,NA,NA,NA,NA,30,48,40,None,NA,NA,NA,NA,NA,2,None,2,None,None,0,0,None,4,None,0,None,North-East,3,North-East,2,North,2,NA,NA,NA,NA,NA,NA,NA,NA,NA
1861-10-19,NA,NA,NA,NA,48,49,45,None,NA,NA,NA,NA,NA,8,None,3,None,None,8,4,None,6,None,2,None,North-East,3,North-East,2,0,0,NA,NA,NA,NA,NA,NA,NA,NA,NA
1861-10-20,NA,NA,NA,NA,32,45,33,None,NA,NA,NA,NA,NA,2,None,0,None,None,0,0,None,0,None,0,None,West,3,West,5,0,0,NA,NA,NA,NA,NA,NA,NA,NA,NA
1861-10-21,NA,NA,NA,NA,34,55,40,None,NA,NA,NA,NA,NA,0,None,0,None,None,0,0,None,8,None,0,None,West,1,West,3,0,0,NA,NA,NA,NA,NA,NA,NA,NA,NA
1861-10-22,NA,NA,NA,NA,45,50,40,None,NA,NA,NA,NA,NA,2,None,0,None,None,8,6,None,8,None,0,None,0,0,South,4,0,0,NA,NA,NA,NA,NA,NA,NA,NA,NA
1861-10-23,NA,NA,NA,NA,30,33,28,None,NA,NA,NA,NA,NA,10,None,0,None,None,5,0,None,2,None,0,None,South,2,South-West,8,0,0,NA,NA,NA,NA,NA,NA,NA,NA,NA
1861-10-24,NA,NA,NA,NA,24,38,34,None,NA,NA,NA,NA,NA,5,None,1,None,None,5,2,None,2,None,0,None,0,0,North,3,North,2,NA,NA,NA,NA,NA,NA,NA,NA,NA
1861-10-25,NA,NA,NA,NA,45,50,40,None,NA,NA,NA,NA,NA,10,None,6,None,None,2,0,None,0,None,0,None,North,1,South-West,2,South-West,4,NA,NA,NA,NA,NA,NA,NA,NA,NA
1861-10-26,NA,NA,NA,NA,35,48,32,None,NA,NA,NA,NA,NA,10,None,4,None,None,8,4,None,8,None,0,None,South,7,South-West,6,0,0,NA,NA,NA,NA,NA,NA,NA,NA,NA
1861-10-27,NA,NA,NA,NA,24,50,30,None,NA,NA,NA,NA,NA,2,None,0,None,None,0,0,None,0,None,0,None,West,5,West,4,West,1,NA,NA,NA,NA,NA,NA,NA,NA,NA
1861-10-28,NA,NA,NA,NA,37,52,50,None,NA,NA,NA,NA,NA,6,None,0,None,None,2,0,None,2,None,0,None,North-East,2,North-East,2,0,0,NA,NA,NA,NA,NA,NA,NA,NA,NA
1861-10-29,NA,NA,NA,NA,40,52,30,None,NA,NA,NA,NA,NA,0,None,0,None,None,2,1,None,0,None,0,None,South,3,South,2,0,0,NA,NA,NA,NA,NA,NA,NA,NA,NA
1861-10-30,NA,NA,NA,NA,35,48,40,None,NA,NA,NA,NA,NA,10,None,3,None,None,10,4,None,8,None,2,Empty,North,2,North,2,North,2,NA,NA,NA,NA,NA,NA,NA,NA,NA
1861-10-31,NA,NA,NA,NA,32,45,40,None,NA,NA,NA,NA,NA,10,None,1,None,None,10,2,None,10,None,0,None,North-East,2,North-East,2,0,0,NA,NA,NA,NA,NA,NA,NA,NA,NA
1861-11-01,NA,NA,NA,NA,31,46,40,,NA,NA,NA,NA,NA,8,None,2,None,None,6,2,None,4,None,0,None,East,1,East,2,0,0,NA,NA,NA,NA,NA,NA,NA,NA,NA
1861-11-02,NA,NA,NA,NA,30,34,30,None,NA,NA,NA,NA,NA,8,None,0,None,Empty,4,0,None,0,None,0,None,East,2,North-East,4,0,0,NA,NA,NA,NA,NA,NA,NA,NA,NA
1861-11-03,NA,NA,NA,NA,27,31,28,None,NA,NA,NA,NA,NA,10,None,2,None,None,10,0,None,6,None,2,None,North,2,North,4,0,0,NA,NA,NA,NA,NA,NA,NA,NA,NA
1861-11-04,NA,NA,NA,NA,26,35,32,None,NA,NA,NA,NA,NA,10,None,0,None,None,10,0,None,8,None,0,None,North,1,South-West,3,South-West,1,NA,NA,NA,NA,NA,NA,NA,NA,NA
1861-11-05,NA,NA,NA,NA,35,55,44,None,NA,NA,NA,NA,NA,8,None,6,None,None,4,4,None,6,None,2,None,South-West,4,South-West,6,South-West,2,NA,NA,NA,NA,NA,NA,NA,NA,NA
1861-11-06,NA,NA,NA,NA,40,56,35,None,NA,NA,NA,NA,NA,8,None,2,None,None,8,2,None,6,None,0,None,North-West,2,North-West,2,0,0,NA,NA,NA,NA,NA,NA,NA,NA,NA
1861-11-07,NA,NA,NA,NA,26,37,32,None,NA,NA,NA,NA,NA,4,None,0,None,None,10,0,None,10,None,0,None,0,0,West,2,West,1,NA,NA,NA,NA,NA,NA,NA,NA,NA
1861-11-08,NA,NA,NA,NA,28,40,30,None,NA,NA,NA,NA,NA,2,None,0,None,None,0,0,None,0,None,0,None,North,1,West,2,South-West,8,NA,NA,NA,NA,NA,NA,NA,NA,NA
1861-11-09,NA,NA,NA,NA,27,34,30,None,NA,NA,NA,NA,NA,4,None,0,None,None,6,2,None,4,None,2,None,South-West,2,South-West,4,South-West,4,NA,NA,NA,NA,NA,NA,NA,NA,NA
1861-11-10,NA,NA,NA,NA,32,38,37,None,NA,NA,NA,NA,NA,10,None,0,None,None,10,0,None,10,None,0,None,South,4,South,2,South,2,NA,NA,NA,NA,NA,NA,NA,NA,NA
1861-11-11,NA,NA,NA,NA,36,38,28,None,NA,NA,NA,NA,NA,8,None,4,None,None,4,2,None,0,None,0,None,West,3,West,3,North,2,NA,NA,NA,NA,NA,NA,NA,NA,NA
1861-11-12,NA,NA,NA,NA,22,32,32,None,NA,NA,NA,NA,NA,8,None,0,None,None,6,0,None,0,None,0,None,South-East,2,South-East,2,0,0,NA,NA,NA,NA,NA,NA,NA,NA,NA
1861-11-13,NA,NA,NA,NA,35,37,30,None,NA,NA,NA,NA,NA,6,None,4,None,None,6,3,None,0,None,0,None,West,5,West,6,0,0,NA,NA,NA,NA,NA,NA,NA,NA,NA
1861-11-14,NA,NA,NA,NA,20,27,24,None,NA,NA,NA,NA,NA,8,None,0,None,None,4,0,None,0,None,0,None,West,1,North-East,3,North,1,NA,NA,NA,NA,NA,NA,NA,NA,NA
1861-11-15,NA,NA,NA,NA,20,27,20,None,NA,NA,NA,NA,NA,10,None,0,None,None,3,0,None,0,None,0,None,North-East,2,North,4,North,1,NA,NA,NA,NA,NA,NA,NA,NA,NA
1861-11-16,NA,NA,NA,NA,12,27,19,None,NA,NA,NA,NA,NA,6,None,0,None,None,4,2,None,0,None,0,None,West,1,North,3,0,0,NA,NA,NA,NA,NA,NA,NA,NA,NA
1861-11-17,NA,NA,NA,NA,16,30,24,None,NA,NA,NA,NA,NA,0,None,0,None,None,0,0,None,0,None,0,None,North,1,North,2,0,0,NA,NA,NA,NA,NA,NA,NA,NA,NA
1861-11-18,NA,NA,NA,NA,12,28,20,None,NA,NA,NA,NA,NA,0,None,0,None,None,0,0,None,0,None,0,None,North,2,North,1,0,0,NA,NA,NA,NA,NA,NA,NA,NA,NA
1861-11-19,NA,NA,NA,NA,11,40,30,None,NA,NA,NA,NA,NA,0,None,0,None,None,0,0,None,0,None,0,None,North,1,East,3,South-East,1,NA,NA,NA,NA,NA,NA,NA,NA,NA
1861-11-20,NA,NA,NA,NA,34,40,38,None,NA,NA,NA,NA,NA,8,None,0,None,None,8,0,None,8,None,0,None,South-East,1,South-East,2,0,0,NA,NA,NA,NA,NA,NA,NA,NA,NA
1861-11-21,NA,NA,NA,NA,40,40,30,None,NA,NA,NA,NA,NA,6,None,4,None,None,2,2,None,6,None,2,None,South-West,6,South-West,6,South-West,6,NA,NA,NA,NA,NA,NA,NA,NA,NA
1861-11-22,NA,NA,NA,NA,34,40,32,None,NA,NA,NA,NA,NA,7,None,0,None,None,8,0,None,10,None,0,None,South,2,South-East,3,South,4,NA,NA,NA,NA,NA,NA,NA,NA,NA
1861-11-23,NA,NA,NA,NA,35,34,30,None,NA,NA,NA,NA,NA,10,None,0,None,None,10,0,None,8,None,0,None,West,2,South-East,2,0,0,NA,NA,NA,NA,NA,NA,NA,NA,NA
1861-11-24,NA,NA,NA,NA,28,32,30,None,NA,NA,NA,NA,NA,10,None,0,None,None,10,0,None,10,None,0,None,North-East,2,North-East,2,0,0,NA,NA,NA,NA,NA,NA,NA,NA,NA
1861-11-25,NA,NA,NA,NA,27,35,30,None,NA,NA,NA,NA,NA,10,None,0,None,None,10,0,None,10,None,0,None,0,0,North,2,North,1,NA,NA,NA,NA,NA,NA,NA,NA,NA
1861-11-26,NA,NA,NA,NA,35,40,32,None,NA,NA,NA,NA,NA,6,None,0,None,None,0,0,None,2,None,0,None,South,1,South,1,0,0,NA,NA,NA,NA,NA,NA,NA,NA,NA
1861-11-27,NA,NA,NA,NA,30,32,27,None,NA,NA,NA,NA,NA,10,None,0,None,None,10,0,None,8,None,0,None,South,1,West,6,West,6,NA,NA,NA,NA,NA,NA,NA,NA,NA
1861-11-28,NA,NA,NA,NA,25,32,20,None,NA,NA,NA,NA,NA,10,None,0,None,None,10,2,None,10,None,0,None,South,2,South,1,0,0,NA,NA,NA,NA,NA,NA,NA,NA,NA
1861-11-29,NA,NA,NA,NA,10,20,9,None,NA,NA,NA,NA,NA,10,None,0,None,None,4,2,None,0,None,0,None,South,2,West,3,North,1,NA,NA,NA,NA,NA,NA,NA,NA,NA
1861-11-30,NA,NA,NA,NA,11,22,8,None,NA,NA,NA,NA,NA,2,None,0,None,None,4,0,None,0,None,0,None,North-West,1,Illegible,3,0,0,NA,NA,NA,NA,NA,NA,NA,NA,NA
1861-12-01,NA,NA,NA,NA,4,12,2,,NA,NA,NA,NA,NA,2,None,0,None,None,4,0,None,0,None,0,None,South-East,1,North,2,0,0,NA,NA,NA,NA,NA,NA,NA,NA,NA
1861-12-02,NA,NA,NA,NA,3,10,8,Empty,NA,NA,NA,NA,NA,4,None,0,None,None,6,0,None,8,Empty,0,None,North,1,North,2,0,0,NA,NA,NA,NA,NA,NA,NA,NA,NA
1861-12-03,"00:00	Michi: River passable for now",NA,NA,NA,-1,10,20,None,NA,NA,NA,NA,NA,0,None,0,None,Empty,0,0,None,0,None,0,None,South-East,2,South-East,2,South,8,NA,NA,NA,NA,NA,NA,NA,NA,NA
1861-12-04,Blew a gale last night,NA,NA,NA,30,34,0,None,NA,NA,NA,NA,NA,6,None,0,None,None,4,4,None,4,None,0,None,South,6,South,7,0,0,NA,NA,NA,NA,NA,NA,NA,NA,NA
1861-12-05,very cold wind,NA,NA,NA,20,15,20,None,NA,NA,NA,NA,NA,6,None,2,None,None,6,2,None,0,None,0,None,North,3,North,5,0,0,NA,NA,NA,NA,NA,NA,NA,NA,NA
1861-12-06,rained this morning,NA,NA,NA,25,45,20,None,NA,NA,NA,NA,NA,10,None,0,None,None,4,3,None,0,None,0,None,North,2,South-West,4,0,0,NA,NA,NA,NA,NA,NA,NA,NA,NA
1861-12-07,NA,NA,NA,NA,32,37,30,None,NA,NA,NA,NA,NA,10,None,0,None,None,10,0,None,0,None,0,None,South,2,0,0,0,0,NA,NA,NA,NA,NA,NA,NA,NA,NA
1861-12-08,NA,NA,NA,NA,35,37,29,None,NA,NA,NA,NA,NA,6,None,0,None,None,6,0,None,6,None,0,None,North,1,North,2,North,1,NA,NA,NA,NA,NA,NA,NA,NA,NA
1861-12-09,Rained today snow all gone & ice bad,NA,NA,NA,30,35,41,None,NA,NA,NA,NA,NA,10,None,0,None,None,10,0,None,10,None,0,None,0,0,South,2,0,0,NA,NA,NA,NA,NA,NA,NA,NA,NA
1861-12-10,NA,NA,NA,NA,40,45,15,None,NA,NA,NA,NA,NA,6,None,0,None,None,6,4,None,0,None,0,None,0,0,South-West,6,0,0,NA,NA,NA,NA,NA,NA,NA,NA,NA
1861-12-11,NA,NA,NA,NA,-1,30,30,None,NA,NA,NA,NA,NA,2,None,0,None,None,2,0,None,0,None,0,None,North,1,South-West,4,South-West,4,NA,NA,NA,NA,NA,NA,NA,NA,NA
1861-12-12,blowing hard,NA,NA,NA,20,30,25,None,NA,NA,NA,NA,NA,6,None,0,None,None,4,0,None,0,None,0,None,South-West,2,South-West,4,South-West,8,NA,NA,NA,NA,NA,NA,NA,NA,NA
1861-12-13,NA,NA,NA,NA,40,45,20,None,NA,NA,NA,NA,NA,0,None,0,None,None,0,0,None,0,None,0,None,South-West,3,South-West,4,0,0,NA,NA,NA,NA,NA,NA,NA,NA,NA
1861-12-14,NA,NA,NA,NA,32,34,20,None,NA,NA,NA,NA,NA,1,None,0,None,None,0,0,None,0,None,0,None,South-West,1,West,6,North,2,NA,NA,NA,NA,NA,NA,NA,NA,NA
1861-12-15,NA,NA,NA,NA,16,35,32,None,NA,NA,NA,NA,NA,4,None,0,None,None,4,0,None,0,None,0,None,North,2,South-West,6,South-West,6,NA,NA,NA,NA,NA,NA,NA,NA,NA
1861-12-16,NA,NA,NA,NA,40,25,20,None,NA,NA,NA,NA,NA,2,None,0,None,None,0,0,None,0,None,0,None,West,5,North,5,North,3,NA,NA,NA,NA,NA,NA,NA,NA,NA
1861-12-17,NA,NA,NA,NA,20,25,20,None,NA,NA,NA,NA,NA,8,None,0,None,None,8,0,None,6,None,0,None,East,2,North,4,North,2,NA,NA,NA,NA,NA,NA,NA,NA,NA
1861-12-18,NA,NA,NA,NA,10,18,20,None,NA,NA,NA,NA,NA,2,None,0,None,None,0,0,None,0,None,0,None,North-East,3,East,2,0,0,NA,NA,NA,NA,NA,NA,NA,NA,NA
1861-12-19,NA,NA,NA,NA,30,25,12,None,NA,NA,NA,NA,NA,6,None,2,None,None,0,0,None,8,None,0,None,West,6,North-West,4,North,2,NA,NA,NA,NA,NA,NA,NA,NA,NA
1861-12-20,NA,NA,NA,NA,-10,-4,-9,None,NA,NA,NA,NA,NA,0,None,0,None,None,0,0,None,0,None,0,None,North,1,West,3,North,1,NA,NA,NA,NA,NA,NA,NA,NA,NA
1861-12-21,Snowing & drifting today,NA,NA,NA,18,22,20,None,NA,NA,NA,NA,NA,7,None,5,None,None,7,4,None,2,None,0,None,West,4,West,4,West,2,NA,NA,NA,NA,NA,NA,NA,NA,NA
1861-12-22,NA,NA,NA,NA,20,23,15,None,NA,NA,NA,NA,NA,6,None,0,None,None,10,0,None,4,None,0,None,East,1,West,2,0,0,NA,NA,NA,NA,NA,NA,NA,NA,NA
1861-12-23,NA,NA,NA,NA,4,6,-8,None,NA,NA,NA,NA,NA,10,None,2,None,None,6,0,None,0,None,0,None,North-East,4,North,2,0,0,NA,NA,NA,NA,NA,NA,NA,NA,NA
1861-12-24,frozen hard last night,NA,NA,NA,-15,6,10,None,NA,NA,NA,NA,NA,0,None,0,None,None,0,0,None,8,None,0,None,South,1,North,3,North,2,NA,NA,NA,NA,NA,NA,NA,NA,NA
1861-12-25,very little snow on the ground,NA,NA,NA,20,25,24,None,NA,NA,NA,NA,NA,8,None,0,None,None,8,0,None,6,None,0,None,North-West,2,South,3,South,1,NA,NA,NA,NA,NA,NA,NA,NA,NA
1861-12-26,NA,NA,NA,NA,30,32,20,None,NA,NA,NA,NA,NA,10,None,0,None,None,10,0,None,10,None,0,None,South-East,1,North-East,2,North,6,NA,NA,NA,NA,NA,NA,NA,NA,NA
1861-12-27,NA,NA,NA,NA,-1,4,-10,None,NA,NA,NA,NA,NA,0,None,0,None,None,0,0,None,0,None,0,None,North,1,North,2,North,1,NA,NA,NA,NA,NA,NA,NA,NA,NA
1861-12-28,snowing night,NA,NA,NA,10,20,22,None,NA,NA,NA,NA,NA,8,None,0,None,None,10,2,None,10,None,0,None,0,0,West,2,West,1,NA,NA,NA,NA,NA,NA,NA,NA,NA
1861-12-29,snowing all day,NA,NA,NA,20,26,10,None,NA,NA,NA,NA,NA,10,None,0,None,None,10,0,None,0,None,0,None,0,0,0,0,0,0,NA,NA,NA,NA,NA,NA,NA,NA,NA
1861-12-30,NA,NA,NA,NA,1,15,20,None,NA,NA,NA,NA,NA,10,None,0,None,None,10,0,None,10,None,2,None,0,0,West,2,West,2,NA,NA,NA,NA,NA,NA,NA,NA,NA
1861-12-31,about 4 inchs snow fell today and I should say not more than 15 ins upon the ground [thick],NA,NA,NA,38,40,15,None,NA,NA,NA,NA,NA,10,None,0,None,None,10,0,None,0,None,0,None,South,5,West,2,0,0,NA,NA,NA,NA,NA,NA,NA,NA,NA
1862-01-01,NA,NA,NA,NA,-2,6,2,empty,Empty,Empty,Empty,Empty,Empty,8,Empty,0,Empty,Empty,0,0,Empty,0,Empty,0,Empty,North,1,North,2,0,0,NA,NA,NA,NA,NA,NA,NA,NA,NA
1862-01-02,Clear cold weather,NA,NA,NA,-15,-8,-12,empty,NA,NA,NA,NA,NA,0,Empty,0,Empty,Empty,0,0,Empty,0,Empty,0,Empty,North,2,North,3,North,2,NA,NA,NA,NA,NA,NA,NA,NA,NA
1862-01-03,Clear cold weather.,NA,NA,NA,-20,-10,-10,empty,NA,NA,NA,NA,NA,0,Empty,0,Empty,Empty,0,0,Empty,0,Empty,0,Empty,North,2,North,3,0,0,NA,NA,NA,NA,NA,NA,NA,NA,NA
1862-01-04,NA,NA,NA,NA,-11,15,10,empty,NA,NA,NA,NA,NA,2,Empty,0,Empty,Empty,0,Empty,None,4,Empty,0,Empty,East,1,East,2,0,0,NA,NA,NA,NA,NA,NA,NA,NA,NA
1862-01-05,NA,NA,NA,NA,15,20,22,empty,NA,NA,NA,NA,NA,6,Empty,0,Empty,Empty,4,0,Empty,6,Empty,0,Empty,West,2,West,4,West,2,NA,NA,NA,NA,NA,NA,NA,NA,NA
1862-01-06,NA,NA,NA,NA,20,22,-8,empty,NA,NA,NA,NA,NA,10,Empty,0,Empty,Empty,6,0,Empty,0,Empty,0,Empty,South,3,South,2,0,0,NA,NA,NA,NA,NA,NA,NA,NA,NA
1862-01-07,NA,NA,NA,NA,7,20,15,empty,Empty,Empty,Empty,Empty,Empty,0,Empty,0,Empty,Empty,4,0,Empty,8,Empty,0,Empty,0,0,West,2,0,0,NA,NA,NA,NA,NA,NA,NA,NA,NA
1862-01-08,Snow falling.,NA,NA,NA,20,25,22,empty,Snow,,,,,10,Empty,0,Empty,Empty,10,0,Empty,10,Empty,0,Empty,South,3,South,4,0,0,NA,NA,NA,NA,NA,NA,NA,NA,NA
1862-01-09,NA,NA,NA,NA,1,4,1,empty,NA,NA,NA,NA,NA,0,Empty,0,Empty,Empty,0,0,Empty,0,Empty,0,Empty,0,0,North,2,0,0,NA,NA,NA,NA,NA,NA,NA,NA,NA
1862-01-10,snowing and drifting,NA,NA,NA,4,2,-24,empty,Snow,None,None,None,None,10,Empty,2,Empty,Empty,2,0,Empty,0,Empty,0,Empty,North,4,North,2,North,1,NA,NA,NA,NA,NA,NA,NA,NA,NA
1862-01-11,NA,NA,NA,NA,-10,10,10,empty,NA,NA,NA,NA,NA,10,Empty,0,Empty,Empty,10,0,Empty,10,Empty,0,Empty,North-East,2,North-East,2,North,4,NA,NA,NA,NA,NA,NA,NA,NA,NA
1862-01-12,NA,NA,NA,NA,-2,4,-14,empty,NA,NA,NA,NA,NA,4,Empty,0,Empty,Empty,2,0,Empty,0,Empty,0,Empty,North,2,West,2,0,0,NA,NA,NA,NA,NA,NA,NA,NA,NA
1862-01-13,Snowy about noon,NA,NA,NA,-22,-2,-10,empty,Snow,None,None,None,None,0,Empty,0,Empty,Empty,10,0,Empty,0,Empty,0,Empty,East,2,East,3,0,0,NA,NA,NA,NA,NA,NA,NA,NA,NA
1862-01-14,NA,NA,NA,NA,-23,10,4,empty,NA,NA,NA,NA,NA,0,Empty,0,Empty,Empty,0,0,Empty,0,Empty,0,Empty,North-East,1,North-East,2,0,0,NA,NA,NA,NA,NA,NA,NA,NA,NA
1862-01-15,Snowing all day,NA,NA,NA,10,12,-1,empty,Snow,None,None,None,None,10,Empty,0,Empty,Empty,10,0,Empty,4,Empty,0,Empty,North-East,2,North-East,4,South,2,NA,NA,NA,NA,NA,NA,NA,NA,NA
1862-01-16,Snowing and drifting all day and night.,NA,NA,NA,-19,10,5,empty,Snow,None,None,None,None,10,Empty,0,Empty,Empty,0,0,Empty,4,Empty,2,Empty,East,1,North-West,4,North-West,5,NA,NA,NA,NA,NA,NA,NA,NA,NA
1862-01-17,"stormy morning, drifting and cloudy",NA,NA,NA,12,20,10,empty,Snow,None,None,None,None,10,Empty,6,Empty,Empty,10,6,Empty,4,Empty,0,Empty,West,8,South-West,6,0,0,NA,NA,NA,NA,NA,NA,NA,NA,NA
1862-01-18,NA,NA,NA,NA,2,15,-2,empty,NA,NA,NA,NA,NA,0,Empty,0,Empty,Empty,0,0,Empty,0,Empty,0,Empty,West,2,West,2,0,0,NA,NA,NA,NA,NA,NA,NA,NA,NA
1862-01-19,NA,NA,NA,NA,-4,12,4,empty,NA,NA,NA,NA,NA,0,Empty,0,Empty,Empty,0,0,Empty,0,Empty,0,Empty,West,2,West,2,0,0,NA,NA,NA,NA,NA,NA,NA,NA,NA
1862-01-20,fine clear weather,NA,NA,NA,-6,20,-5,empty,NA,NA,NA,NA,NA,0,Empty,0,Empty,Empty,0,0,Empty,0,Empty,0,Empty,West,1,West,1,0,0,NA,NA,NA,NA,NA,NA,NA,NA,NA
1862-01-21,NA,NA,NA,NA,-10,32,10,empty,NA,NA,NA,NA,NA,0,Empty,0,Empty,Empty,0,0,Empty,0,Empty,0,Empty,East,1,East,2,0,0,NA,NA,NA,NA,NA,NA,NA,NA,NA
1862-01-22,NA,NA,NA,NA,30,35,10,empty,NA,NA,NA,NA,NA,4,Empty,0,Empty,Empty,4,0,Empty,10,Empty,0,Empty,South,4,South,4,0,0,NA,NA,NA,NA,NA,NA,NA,NA,NA
1862-01-23,"Fine clear weather, Sun very powerful, like Alpine weather",NA,NA,NA,2,40,44,empty,NA,NA,NA,NA,NA,0,Empty,0,Empty,Empty,0,0,Empty,0,Empty,0,Empty,0,0,0,0,0,0,NA,NA,NA,NA,NA,NA,NA,NA,NA
1862-01-24,NA,NA,NA,NA,40,45,25,empty,NA,NA,NA,NA,NA,2,Empty,0,Empty,Empty,5,0,Empty,2,Empty,0,Empty,0,0,0,0,West,1,NA,NA,NA,NA,NA,NA,NA,NA,NA
1862-01-25,NA,NA,NA,NA,35,40,30,empty,NA,NA,NA,NA,NA,2,Empty,0,Empty,Empty,2,0,Empty,10,Empty,0,Empty,0,0,West,2,South-West,4,NA,NA,NA,NA,NA,NA,NA,NA,NA
1862-01-26,NA,NA,NA,NA,6,10,2,empty,NA,NA,NA,NA,NA,0,Empty,0,Empty,Empty,4,0,Empty,0,Empty,0,Empty,West,4,West,4,0,0,NA,NA,NA,NA,NA,NA,NA,NA,NA
1862-01-27,NA,NA,NA,NA,-12,15,6,empty,NA,NA,NA,NA,NA,3,Empty,0,Empty,Empty,4,0,Empty,2,Empty,0,Empty,North-West,1,West,2,0,0,NA,NA,NA,NA,NA,NA,NA,NA,NA
1862-01-28,"Stormy today, drifting, and cloudy",NA,NA,NA,4,10,5,empty,S,None,None,None,None,10,Empty,0,Empty,Empty,10,0,Empty,10,Empty,0,Empty,East,4,East,4,East,2,NA,NA,NA,NA,NA,NA,NA,NA,NA
1862-01-29,NA,NA,NA,NA,4,7,-10,empty,NA,NA,NA,NA,NA,10,Empty,0,Empty,Empty,4,2,Empty,0,Empty,0,Empty,0,0,West,4,0,0,NA,NA,NA,NA,NA,NA,NA,NA,NA
1862-01-30,NA,NA,NA,NA,-12,15,2,empty,NA,NA,NA,NA,NA,2,Empty,0,Empty,0,Empty,0,Empty,4,Empty,2,Empty,West,2,West,3,0,0,NA,NA,NA,NA,NA,NA,NA,NA,NA
1862-01-31,NA,NA,NA,NA,4,10,11,empty,NA,NA,NA,NA,NA,8,Empty,4,Empty,Empty,4,2,Empty,10,Empty,0,Empty,East,1,East,4,East,2,NA,NA,NA,NA,NA,NA,NA,NA,NA
1862-02-01,"Stormy Day, snowing during the day",NA,NA,NA,15,8,-12,empty,S,,,,,6,Empty,5,Empty,Empty,4,2,Empty,0,Empty,0,Empty,West,6,West,4,West,2,NA,NA,NA,NA,NA,NA,NA,NA,NA
1862-02-02,NA,NA,NA,NA,-10,10,4,empty,NA,NA,NA,NA,NA,4,Empty,0,Empty,Empty,4,5,Empty,4,Empty,0,Empty,West,2,West,4,West,1,NA,NA,NA,NA,NA,NA,NA,NA,NA
1862-02-03,Snowing last night,NA,NA,NA,10,20,10,empty,S,None,None,None,None,10,Empty,0,Empty,Empty,4,0,Empty,4,Empty,0,Empty,South,2,South,2,South,3,NA,NA,NA,NA,NA,NA,NA,NA,NA
1862-02-04,Snow this morning,NA,NA,NA,12,20,17,empty,-,None,None,None,None,10,Empty,4,Empty,Empty,6,0,Empty,8,Empty,0,Empty,North-West,3,West,3,0,0,NA,NA,NA,NA,NA,NA,NA,NA,NA
1862-02-05,NA,NA,NA,NA,5,30,25,empty,NA,NA,NA,NA,NA,2,Empty,0,Empty,Empty,0,0,Empty,8,Empty,0,Empty,West,1,East,2,0,0,NA,NA,NA,NA,NA,NA,NA,NA,NA
1862-02-06,About 3 feet of snow in the Bush,NA,NA,NA,20,40,30,empty,S,None,None,None,None,6,Empty,0,Empty,Empty,4,0,Empty,4,Empty,0,Empty,East,2,West,3,West,1,NA,NA,NA,NA,NA,NA,NA,NA,NA
1862-02-07,NA,NA,NA,NA,4,28,20,empty,NA,NA,NA,NA,NA,8,Empty,0,Empty,Empty,0,0,Empty,0,Empty,0,Empty,West,1,North,3,0,0,NA,NA,NA,NA,NA,NA,NA,NA,NA
1862-02-08,NA,NA,NA,NA,3,15,-4,empty,NA,NA,NA,NA,NA,10,Empty,0,Empty,Empty,8,0,Empty,0,Empty,0,Empty,North-East,2,North-East,2,North,1,NA,NA,NA,NA,NA,NA,NA,NA,NA
1862-02-09,NA,NA,NA,NA,-15,10,2,empty,NA,NA,NA,NA,NA,0,Empty,0,Empty,Empty,0,0,Empty,4,Empty,0,Empty,North,1,North,2,North,1,NA,NA,NA,NA,NA,NA,NA,NA,NA
1862-02-10,Snowy in the afternoon,NA,NA,NA,-4,15,6,empty,-,None,None,None,None,4,Empty,0,Empty,Empty,10,0,Empty,10,Empty,0,Empty,East,2,East,2,0,0,NA,NA,NA,NA,NA,NA,NA,NA,NA
1862-02-11,Snowing all day,NA,NA,NA,-2,25,22,empty,S,None,None,None,None,0,Empty,0,Empty,Empty,10,0,Empty,0,Empty,0,Empty,East,3,East,1,0,0,NA,NA,NA,NA,NA,NA,NA,NA,NA
1862-02-12,NA,NA,NA,NA,-3,14,-15,empty,NA,NA,NA,NA,NA,10,Empty,0,Empty,Empty,3,0,Empty,0,Empty,0,Empty,North,3,East,1,North,1,NA,NA,NA,NA,NA,NA,NA,NA,NA
1862-02-13,Stormy day,NA,NA,NA,-5,15,-10,empty,S,None,None,None,None,8,Empty,4,Empty,Empty,10,0,Empty,0,Empty,0,Empty,East,2,West,6,0,0,NA,NA,NA,NA,NA,NA,NA,NA,NA
1862-02-14,NA,NA,NA,NA,-26,-2,-10,empty,NA,NA,NA,NA,NA,0,Empty,0,Empty,Empty,0,0,Empty,2,Empty,0,Empty,North-West,1,West,3,West,0,NA,NA,NA,NA,NA,NA,NA,NA,NA
1862-02-15,"very stormy day, snowy and drifting, cloudy",NA,NA,NA,-5,3,-6,empty,S,None,None,None,None,10,Empty,6,Empty,Empty,4,4,Empty,4,Empty,0,Empty,South,8,South,8,0,0,NA,NA,NA,NA,NA,NA,NA,NA,NA
1862-02-16,NA,NA,NA,NA,-34,14,7,empty,NA,NA,NA,NA,NA,0,Empty,0,Empty,Empty,0,0,Empty,0,Empty,0,Empty,North,1,North,3,North,2,NA,NA,NA,NA,NA,NA,NA,NA,NA
1862-02-17,Light snow in the afternoon,NA,NA,NA,-2,16,4,empty,S,None,None,None,None,4,Empty,0,Empty,Empty,6,0,Empty,4,Empty,0,Empty,North-East,2,North,3,North,3,NA,NA,NA,NA,NA,NA,NA,NA,NA
1862-02-18,NA,NA,NA,NA,-4,17,8,empty,NA,NA,NA,NA,NA,0,Empty,0,Empty,Empty,0,0,Empty,0,Empty,0,Empty,North,1,West,3,0,0,NA,NA,NA,NA,NA,NA,NA,NA,NA
1862-02-19,NA,NA,NA,NA,2,20,6,empty,NA,NA,NA,NA,NA,0,Empty,0,Empty,Empty,0,0,Empty,0,Empty,0,Empty,South-West,1,South-West,2,South-West,1,NA,NA,NA,NA,NA,NA,NA,NA,NA
1862-02-20,NA,NA,NA,NA,4,18,-2,empty,NA,NA,NA,NA,NA,10,Empty,0,Empty,Empty,10,0,Empty,0,Empty,0,Empty,0,0,West,2,South-West,3,NA,NA,NA,NA,NA,NA,NA,NA,NA
1862-02-21,snowing in the evening,NA,NA,NA,-15,20,25,empty,S,None,None,None,None,0,Empty,0,Empty,Empty,2,0,Empty,0,Empty,0,Empty,North,1,West,2,0,0,NA,NA,NA,NA,NA,NA,NA,NA,NA
1862-02-22,NA,NA,NA,NA,18,24,6,empty,NA,NA,NA,NA,NA,0,Empty,0,Empty,Empty,0,0,Empty,4,Empty,0,Empty,West,1,West,2,0,0,NA,NA,NA,NA,NA,NA,NA,NA,NA
1862-02-23,"Snowing all last night, cloudy",NA,NA,NA,20,30,-4,empty,S,None,None,None,None,10,Empty,0,Empty,Empty,4,4,Empty,0,Empty,0,Empty,East,1,North-West,4,East,1,NA,NA,NA,NA,NA,NA,NA,NA,NA
1862-02-24,cold morning,NA,NA,NA,-30,15,-16,empty,NA,NA,NA,NA,NA,0,Empty,0,Empty,Empty,0,0,Empty,0,Empty,0,Empty,East,1,East,2,North,1,NA,NA,NA,NA,NA,NA,NA,NA,NA
1862-02-25,NA,NA,NA,NA,-25,24,20,empty,NA,NA,NA,NA,NA,2,Empty,0,Empty,Empty,0,0,Empty,4,Empty,0,Empty,North-East,1,South,3,0,0,NA,NA,NA,NA,NA,NA,NA,NA,NA
1862-02-26,snowy in the first part of the day blowing a gale in the evening and night clear & cold tonight,NA,NA,NA,20,36,15,empty,S,None,None,None,None,10,Empty,0,Empty,Empty,10,0,Empty,10,Empty,0,Empty,0,0,South-East,2,South,8,NA,NA,NA,NA,NA,NA,NA,NA,NA
1862-02-27,clear and cold tonight,NA,NA,NA,-4,10,-8,empty,NA,NA,NA,NA,NA,4,Empty,0,Empty,Empty,0,0,Empty,0,Empty,0,Empty,West,2,West,4,0,0,NA,NA,NA,NA,NA,NA,NA,NA,NA
1862-02-28,Cold morning,NA,NA,NA,-26,10,4,empty,NA,NA,NA,NA,NA,0,Empty,0,Empty,Empty,0,0,Empty,10,Empty,0,Empty,South-West,1,North,3,East,3,NA,NA,NA,NA,NA,NA,NA,NA,NA
1862-03-01,NA,NA,NA,NA,-4,20,10,empty,NA,NA,NA,NA,NA,2,Empty,0,Empty,Empty,4,2,Empty,10,Empty,0,Empty,East,3,East,3,East,6,NA,NA,NA,NA,NA,NA,NA,NA,NA
1862-03-02,NA,NA,NA,NA,8,20,14,empty,NA,NA,NA,NA,NA,10,Empty,0,Empty,Empty,2,0,Empty,0,Empty,0,Empty,North-East,4,North-East,3,North-East,6,NA,NA,NA,NA,NA,NA,NA,NA,NA
1862-03-03,stormy then (?) during the day and night.,NA,NA,NA,15,17,20,empty,S,,,,,10,Empty,4,Empty,Empty,10,4,Empty,10,Empty,0,Empty,North-East,6,North-East,6,North-East,3,NA,NA,NA,NA,NA,NA,NA,NA,NA
1862-03-04,Snowing all day,NA,NA,NA,10,34,20,empty,s,None,None,None,None,10,Empty,0,Empty,Empty,10,0,Empty,0,Empty,0,Empty,North-East,4,North-East,2,0,0,NA,NA,NA,NA,NA,NA,NA,NA,NA
1862-03-05,soft and mild,NA,NA,NA,15,37,30,empty,NA,NA,NA,NA,NA,10,Empty,0,Empty,Empty,10,0,Empty,10,Empty,0,Empty,0,0,0,0,0,0,NA,NA,NA,NA,NA,NA,NA,NA,NA
1862-03-06,NA,NA,NA,NA,35,40,32,empty,NA,NA,NA,NA,NA,10,Empty,0,Empty,Empty,4,0,Empty,6,Empty,0,Empty,North-East,3,East,3,0,0,NA,NA,NA,NA,NA,NA,NA,NA,NA
1862-03-07,very mild,NA,NA,NA,20,40,36,empty,NA,NA,NA,NA,NA,10,Empty,0,Empty,Empty,8,0,Empty,2,Empty,0,Empty,North-East,1,0,0,0,0,NA,NA,NA,NA,NA,NA,NA,NA,NA
1862-03-08,NA,NA,NA,NA,30,45,40,empty,NA,NA,NA,NA,NA,4,Empty,0,Empty,Empty,4,0,Empty,6,Empty,0,Empty,North-West,1,West,2,0,0,NA,NA,NA,NA,NA,NA,NA,NA,NA
1862-03-09,soft snow and rain in the evening,NA,NA,NA,32,45,40,empty,S & R,None,None,None,None,10,Empty,0,Empty,Empty,10,0,Empty,10,Empty,0,Empty,West,1,South,3,South,4,NA,NA,NA,NA,NA,NA,NA,NA,NA
1862-03-10,very mild,NA,NA,NA,40,42,20,empty,NA,NA,NA,NA,NA,10,Empty,0,Empty,Empty,8,0,Empty,4,Empty,0,Empty,West,2,West,1,West,1,NA,NA,NA,NA,NA,NA,NA,NA,NA
1862-03-11,NA,NA,NA,NA,25,26,10,empty,NA,NA,NA,NA,NA,6,Empty,0,Empty,Empty,2,0,Empty,2,Empty,0,Empty,South-West,2,South-West,4,0,0,NA,NA,NA,NA,NA,NA,NA,NA,NA
1862-03-12,clear weather,NA,NA,NA,-6,18,-2,empty,NA,NA,NA,NA,NA,0,Empty,0,Empty,Empty,0,0,Empty,0,Empty,0,Empty,0,0,West,2,North,1,NA,NA,NA,NA,NA,NA,NA,NA,NA
1862-03-13,clear night,NA,NA,NA,-3,20,-2,empty,NA,NA,NA,NA,NA,2,Empty,0,Empty,Empty,0,0,Empty,0,Empty,0,Empty,East,2,North,3,North,1,NA,NA,NA,NA,NA,NA,NA,NA,NA
1862-03-14,clear night,NA,NA,NA,-4,20,16,empty,NA,NA,NA,NA,NA,2,Empty,0,Empty,Empty,0,0,Empty,0,Empty,0,Empty,North-East,1,North-East,3,0,0,NA,NA,NA,NA,NA,NA,NA,NA,NA
1862-03-15,clear night,NA,NA,NA,5,25,12,empty,NA,NA,NA,NA,NA,0,Empty,0,Empty,Empty,0,0,Empty,0,Empty,0,Empty,North,1,North,4,North,1,NA,NA,NA,NA,NA,NA,NA,NA,NA
1862-03-16,clear night,NA,NA,NA,10,30,20,empty,NA,NA,NA,NA,NA,0,Empty,0,Empty,Empty,0,0,Empty,0,Empty,0,Empty,North,2,North,4,North,1,NA,NA,NA,NA,NA,NA,NA,NA,NA
1862-03-17,clear night,NA,NA,NA,6,28,20,empty,NA,NA,NA,NA,NA,0,Empty,0,Empty,Empty,0,0,Empty,0,Empty,0,Empty,South,2,West,4,0,0,NA,NA,NA,NA,NA,NA,NA,NA,NA
1862-03-18,clear night,NA,NA,NA,10,29,15,None,NA,NA,NA,NA,NA,0,Empty,0,Empty,Empty,0,0,Empty,0,Empty,0,Empty,North-East,2,North-East,4,0,0,NA,NA,NA,NA,NA,NA,NA,NA,NA
1862-03-19,clear night,NA,NA,NA,8,35,22,empty,NA,NA,NA,NA,NA,0,Empty,0,Empty,Empty,0,0,Empty,0,Empty,0,Empty,North,1,0,0,0,0,NA,NA,NA,NA,NA,NA,NA,NA,NA
1862-03-20,"clear night, snow going fast",NA,NA,NA,12,40,25,empty,NA,NA,NA,NA,NA,0,Empty,0,Empty,Empty,0,0,Empty,0,Empty,0,Empty,North-East,2,North-East,2,0,0,NA,NA,NA,NA,NA,NA,NA,NA,NA
1862-03-21,first spring bird seen,NA,NA,NA,20,28,20,empty,NA,NA,NA,NA,NA,10,Empty,0,Empty,Empty,6,0,Empty,8,Empty,0,Empty,North-East,3,North-East,4,0,0,NA,NA,NA,NA,NA,NA,NA,NA,NA
1862-03-22,NA,NA,NA,NA,20,35,20,empty,NA,NA,NA,NA,NA,10,Empty,0,Empty,Empty,6,0,Empty,10,Empty,0,Empty,North-East,3,North-East,4,North-East,4,NA,NA,NA,NA,NA,NA,NA,NA,NA
1862-03-23,blew snow last night and most of the day,NA,NA,NA,10,20,10,empty,NA,NA,NA,NA,NA,4,Empty,2,Empty,Empty,4,2,Empty,8,Empty,0,Empty,North-East,8,North-East,8,North-East,6,NA,NA,NA,NA,NA,NA,NA,NA,NA
1862-03-24,clear night,NA,NA,NA,-6,39,11,empty,NA,NA,NA,NA,NA,0,Empty,0,Empty,Empty,0,0,Empty,0,Empty,0,Empty,North,1,North,1,0,0,NA,NA,NA,NA,NA,NA,NA,NA,NA
1862-03-25,Fine and lovely weather,NA,NA,NA,2,37,10,empty,NA,NA,NA,NA,NA,0,Empty,0,Empty,Empty,0,0,Empty,0,Empty,0,Empty,0,0,West,2,0,0,NA,NA,NA,NA,NA,NA,NA,NA,NA
1862-03-26,NA,NA,NA,NA,11,35,20,empty,NA,NA,NA,NA,NA,8,Empty,0,Empty,Empty,4,0,Empty,2,Empty,0,Empty,South,1,West,2,0,0,NA,NA,NA,NA,NA,NA,NA,NA,NA
1862-03-27,"snow, birds first seen",NA,NA,NA,12,38,17,empty,S,,,,,4,Empty,0,Empty,Empty,0,0,Empty,0,Empty,0,Empty,North,1,West,2,0,0,NA,NA,NA,NA,NA,NA,NA,NA,NA
1862-03-28,NA,NA,NA,NA,6,30,12,empty,NA,NA,NA,NA,NA,0,Empty,0,Empty,Empty,0,0,Empty,0,Empty,0,Empty,North,1,West,3,0,0,NA,NA,NA,NA,NA,NA,NA,NA,NA
1862-03-29,NA,NA,NA,NA,10,37,15,empty,NA,NA,NA,NA,NA,0,Empty,0,Empty,Empty,2,0,Empty,0,Empty,0,Empty,South-East,1,South-East,2,South-East,1,NA,NA,NA,NA,NA,NA,NA,NA,NA
1862-03-30,"3 inches of snow today, hail and snow falling most of the day, soft snow fell during the night",NA,NA,NA,6,38,30,empty,NA,NA,NA,NA,NA,10,Empty,0,Empty,Empty,10,0,Empty,8,Empty,0,Empty,East,2,East,3,North-East,1,NA,NA,NA,NA,NA,NA,NA,NA,NA
1862-03-31,NA,NA,NA,NA,25,38,20,empty,NA,NA,NA,NA,NA,6,Empty,0,Empty,Empty,0,0,Empty,0,Empty,0,Empty,North-East,3,North,2,West,1,NA,NA,NA,NA,NA,NA,NA,NA,NA