,StationName,Timezone,UTCoffset,ObservationDate,UTCDate,value,unit,field_key,fieldID,annotationID,transcriptionID,pageID
1,Kinogumissee,America/Thunder_Bay,0,1862-08-31 00:00:00,1862-08-31 00:00:00,potatoe stalks & other tender vegetables were frozen but not to any great extent.,mno,casual_phenomena_line_5,202,283392,2474,2357
2,Kinogumissee,America/Thunder_Bay,0,1863-04-01 00:00:00,1863-04-01 00:00:00,"no agitation could be discovered as i was in a canoe and on the water at the time. it passed me at 7am. on the 30th [illegible, reads: int] there was only small pieces of ice remaining in the lakes",mno,casual_phenomena_line_5,202,282796,2462,2369
3,Kinogumissee,America/Thunder_Bay,0,1863-04-01 00:00:00,1863-04-01 00:00:00,"search being made none of it ravages among threes [misspelling of ‘trees’?] or any other object could be discovered. it [went?] in a westerly direction from this place, say six miles and passed within a mile of where i was.",mno,casual_phenomena_line_4,201,282796,2462,2369
4,Kinogumissee,America/Thunder_Bay,0,1863-04-01 00:00:00,1863-04-01 00:00:00,"the ice in the lakes began to shift about with the wind on the 27th. i heard a whirlwind on 28th. i was not close enough to see it but the noise it made was tremendous, something resembling the noise of a large fall of water. it came from north and went in a southerly direction.",mno,casual_phenomena_line_3,200,282796,2462,2369
5,Kinogumissee,America/Thunder_Bay,0,1862-12-01 00:00:00,1862-12-01 00:00:00,during december there were seventeen days snow,mno,casual_phenomena,155,286369,2501,2365
6,Kinogumissee,America/Thunder_Bay,0,1863-03-01 00:00:00,1863-03-01 00:00:00,during this month there were sixteen days snow. snow birds were first seen on 16th. little rivers begin to open on 30th,mno,casual_phenomena,155,286370,2502,2367
7,Kinogumissee,America/Thunder_Bay,0,1863-04-01 00:00:00,1863-04-01 00:00:00,during this month there were seven days of snow. the average depth of snow which fell during intervals was 3 1/2 feet.,mno,casual_phenomena,155,282796,2462,2369
8,Kinogumissee,America/Thunder_Bay,0,1860-12-08 21:00:00,1860-12-08 21:00:00,2,Sm,wind_force_9pm,110,282588,2463,2349
9,Kinogumissee,America/Thunder_Bay,0,1860-12-09 21:00:00,1860-12-09 21:00:00,2,Sm,wind_force_9pm,110,282589,2463,2349
10,Kinogumissee,America/Thunder_Bay,0,1860-12-10 21:00:00,1860-12-10 21:00:00,25,Sm,wind_force_9pm,110,282590,2463,2349
11,Kinogumissee,America/Thunder_Bay,0,1860-12-11 21:00:00,1860-12-11 21:00:00,12,Sm,wind_force_9pm,110,282591,2463,2349
12,Kinogumissee,America/Thunder_Bay,0,1860-12-12 21:00:00,1860-12-12 21:00:00,12,Sm,wind_force_9pm,110,282592,2463,2349
13,Kinogumissee,America/Thunder_Bay,0,1860-12-13 21:00:00,1860-12-13 21:00:00,12,Sm,wind_force_9pm,110,282593,2463,2349
14,Kinogumissee,America/Thunder_Bay,0,1860-12-14 21:00:00,1860-12-14 21:00:00,4,Sm,wind_force_9pm,110,282594,2463,2349
15,Kinogumissee,America/Thunder_Bay,0,1860-12-15 21:00:00,1860-12-15 21:00:00,25,Sm,wind_force_9pm,110,282595,2463,2349
16,Kinogumissee,America/Thunder_Bay,0,1860-12-16 21:00:00,1860-12-16 21:00:00,2,Sm,wind_force_9pm,110,282596,2463,2349
17,Kinogumissee,America/Thunder_Bay,0,1860-12-17 21:00:00,1860-12-17 21:00:00,2,Sm,wind_force_9pm,110,282597,2463,2349
18,Kinogumissee,America/Thunder_Bay,0,1860-12-18 21:00:00,1860-12-18 21:00:00,4,Sm,wind_force_9pm,110,282598,2463,2349
19,Kinogumissee,America/Thunder_Bay,0,1860-12-19 21:00:00,1860-12-19 21:00:00,2,Sm,wind_force_9pm,110,282599,2463,2349
20,Kinogumissee,America/Thunder_Bay,0,1860-12-20 21:00:00,1860-12-20 21:00:00,35,Sm,wind_force_9pm,110,282600,2463,2349
21,Kinogumissee,America/Thunder_Bay,0,1860-12-21 21:00:00,1860-12-21 21:00:00,4,Sm,wind_force_9pm,110,282601,2463,2349
22,Kinogumissee,America/Thunder_Bay,0,1860-12-22 21:00:00,1860-12-22 21:00:00,4,Sm,wind_force_9pm,110,282602,2463,2349
23,Kinogumissee,America/Thunder_Bay,0,1860-12-23 21:00:00,1860-12-23 21:00:00,2,Sm,wind_force_9pm,110,282603,2463,2349
24,Kinogumissee,America/Thunder_Bay,0,1860-12-24 21:00:00,1860-12-24 21:00:00,2,Sm,wind_force_9pm,110,282604,2463,2349
25,Kinogumissee,America/Thunder_Bay,0,1860-12-25 21:00:00,1860-12-25 21:00:00,2,Sm,wind_force_9pm,110,282605,2463,2349
26,Kinogumissee,America/Thunder_Bay,0,1860-12-26 21:00:00,1860-12-26 21:00:00,2,Sm,wind_force_9pm,110,282606,2463,2349
27,Kinogumissee,America/Thunder_Bay,0,1860-12-27 21:00:00,1860-12-27 21:00:00,2,Sm,wind_force_9pm,110,282607,2463,2349
28,Kinogumissee,America/Thunder_Bay,0,1860-12-28 21:00:00,1860-12-28 21:00:00,2,Sm,wind_force_9pm,110,282608,2463,2349
29,Kinogumissee,America/Thunder_Bay,0,1860-12-29 21:00:00,1860-12-29 21:00:00,35,Sm,wind_force_9pm,110,282609,2463,2349
30,Kinogumissee,America/Thunder_Bay,0,1860-12-30 21:00:00,1860-12-30 21:00:00,35,Sm,wind_force_9pm,110,282610,2463,2349
31,Kinogumissee,America/Thunder_Bay,0,1860-12-31 21:00:00,1860-12-31 21:00:00,4,Sm,wind_force_9pm,110,282611,2463,2349
32,Kinogumissee,America/Thunder_Bay,0,1861-01-01 21:00:00,1861-01-01 21:00:00,2,Sm,wind_force_9pm,110,283054,2467,2350
33,Kinogumissee,America/Thunder_Bay,0,1861-01-02 21:00:00,1861-01-02 21:00:00,4,Sm,wind_force_9pm,110,283055,2467,2350
34,Kinogumissee,America/Thunder_Bay,0,1861-01-03 21:00:00,1861-01-03 21:00:00,2,Sm,wind_force_9pm,110,283056,2467,2350
35,Kinogumissee,America/Thunder_Bay,0,1861-01-04 21:00:00,1861-01-04 21:00:00,4,Sm,wind_force_9pm,110,283057,2467,2350
36,Kinogumissee,America/Thunder_Bay,0,1861-01-05 21:00:00,1861-01-05 21:00:00,35,Sm,wind_force_9pm,110,283058,2467,2350
37,Kinogumissee,America/Thunder_Bay,0,1861-01-06 21:00:00,1861-01-06 21:00:00,2,Sm,wind_force_9pm,110,283059,2467,2350
38,Kinogumissee,America/Thunder_Bay,0,1861-01-07 21:00:00,1861-01-07 21:00:00,4,Sm,wind_force_9pm,110,283060,2467,2350
39,Kinogumissee,America/Thunder_Bay,0,1861-01-08 21:00:00,1861-01-08 21:00:00,2,Sm,wind_force_9pm,110,283061,2467,2350
40,Kinogumissee,America/Thunder_Bay,0,1861-01-09 21:00:00,1861-01-09 21:00:00,25,Sm,wind_force_9pm,110,283062,2467,2350
41,Kinogumissee,America/Thunder_Bay,0,1861-01-10 21:00:00,1861-01-10 21:00:00,12,Sm,wind_force_9pm,110,283063,2467,2350
42,Kinogumissee,America/Thunder_Bay,0,1861-01-11 21:00:00,1861-01-11 21:00:00,2,Sm,wind_force_9pm,110,283064,2467,2350
43,Kinogumissee,America/Thunder_Bay,0,1861-01-12 21:00:00,1861-01-12 21:00:00,2,Sm,wind_force_9pm,110,283065,2467,2350
44,Kinogumissee,America/Thunder_Bay,0,1861-01-13 21:00:00,1861-01-13 21:00:00,45,Sm,wind_force_9pm,110,283066,2467,2350
45,Kinogumissee,America/Thunder_Bay,0,1861-01-14 21:00:00,1861-01-14 21:00:00,4,Sm,wind_force_9pm,110,283067,2467,2350
46,Kinogumissee,America/Thunder_Bay,0,1861-01-15 21:00:00,1861-01-15 21:00:00,4,Sm,wind_force_9pm,110,283068,2467,2350
47,Kinogumissee,America/Thunder_Bay,0,1861-01-16 21:00:00,1861-01-16 21:00:00,45,Sm,wind_force_9pm,110,283069,2467,2350
48,Kinogumissee,America/Thunder_Bay,0,1861-01-17 21:00:00,1861-01-17 21:00:00,2,Sm,wind_force_9pm,110,283070,2467,2350
49,Kinogumissee,America/Thunder_Bay,0,1861-01-18 21:00:00,1861-01-18 21:00:00,4,Sm,wind_force_9pm,110,283071,2467,2350
50,Kinogumissee,America/Thunder_Bay,0,1861-01-19 21:00:00,1861-01-19 21:00:00,2,Sm,wind_force_9pm,110,283072,2467,2350
51,Kinogumissee,America/Thunder_Bay,0,1861-01-20 21:00:00,1861-01-20 21:00:00,12,Sm,wind_force_9pm,110,283073,2467,2350
52,Kinogumissee,America/Thunder_Bay,0,1861-01-21 21:00:00,1861-01-21 21:00:00,4,Sm,wind_force_9pm,110,283074,2467,2350
53,Kinogumissee,America/Thunder_Bay,0,1861-01-22 21:00:00,1861-01-22 21:00:00,4,Sm,wind_force_9pm,110,283075,2467,2350
54,Kinogumissee,America/Thunder_Bay,0,1861-01-23 21:00:00,1861-01-23 21:00:00,2,Sm,wind_force_9pm,110,283076,2467,2350
55,Kinogumissee,America/Thunder_Bay,0,1861-01-24 21:00:00,1861-01-24 21:00:00,35,Sm,wind_force_9pm,110,283077,2467,2350
56,Kinogumissee,America/Thunder_Bay,0,1861-01-25 21:00:00,1861-01-25 21:00:00,12,Sm,wind_force_9pm,110,283078,2467,2350
57,Kinogumissee,America/Thunder_Bay,0,1861-01-26 21:00:00,1861-01-26 21:00:00,4,Sm,wind_force_9pm,110,283079,2467,2350
58,Kinogumissee,America/Thunder_Bay,0,1861-01-27 21:00:00,1861-01-27 21:00:00,2,Sm,wind_force_9pm,110,283080,2467,2350
59,Kinogumissee,America/Thunder_Bay,0,1861-01-28 21:00:00,1861-01-28 21:00:00,4,Sm,wind_force_9pm,110,283081,2467,2350
60,Kinogumissee,America/Thunder_Bay,0,1861-01-29 21:00:00,1861-01-29 21:00:00,4,Sm,wind_force_9pm,110,283082,2467,2350
61,Kinogumissee,America/Thunder_Bay,0,1861-01-30 21:00:00,1861-01-30 21:00:00,4,Sm,wind_force_9pm,110,283083,2467,2350
62,Kinogumissee,America/Thunder_Bay,0,1861-01-31 21:00:00,1861-01-31 21:00:00,4,Sm,wind_force_9pm,110,283084,2467,2350
63,Kinogumissee,America/Thunder_Bay,0,1861-02-01 21:00:00,1861-02-01 21:00:00,4,Sm,wind_force_9pm,110,282763,2465,2351
64,Kinogumissee,America/Thunder_Bay,0,1861-02-02 21:00:00,1861-02-02 21:00:00,60,Sm,wind_force_9pm,110,282764,2465,2351
65,Kinogumissee,America/Thunder_Bay,0,1861-02-03 21:00:00,1861-02-03 21:00:00,75,Sm,wind_force_9pm,110,282765,2465,2351
66,Kinogumissee,America/Thunder_Bay,0,1861-02-04 21:00:00,1861-02-04 21:00:00,4,Sm,wind_force_9pm,110,282766,2465,2351
67,Kinogumissee,America/Thunder_Bay,0,1861-02-05 21:00:00,1861-02-05 21:00:00,2,Sm,wind_force_9pm,110,282767,2465,2351
68,Kinogumissee,America/Thunder_Bay,0,1861-02-06 21:00:00,1861-02-06 21:00:00,4,Sm,wind_force_9pm,110,282768,2465,2351
69,Kinogumissee,America/Thunder_Bay,0,1861-02-07 21:00:00,1861-02-07 21:00:00,2,Sm,wind_force_9pm,110,282769,2465,2351
70,Kinogumissee,America/Thunder_Bay,0,1861-02-08 21:00:00,1861-02-08 21:00:00,2,Sm,wind_force_9pm,110,282770,2465,2351
71,Kinogumissee,America/Thunder_Bay,0,1861-02-09 21:00:00,1861-02-09 21:00:00,25,Sm,wind_force_9pm,110,282771,2465,2351
72,Kinogumissee,America/Thunder_Bay,0,1861-02-10 21:00:00,1861-02-10 21:00:00,2,Sm,wind_force_9pm,110,282772,2465,2351
73,Kinogumissee,America/Thunder_Bay,0,1861-02-11 21:00:00,1861-02-11 21:00:00,12,Sm,wind_force_9pm,110,282773,2465,2351
74,Kinogumissee,America/Thunder_Bay,0,1861-02-12 21:00:00,1861-02-12 21:00:00,35,Sm,wind_force_9pm,110,282774,2465,2351
75,Kinogumissee,America/Thunder_Bay,0,1861-02-13 21:00:00,1861-02-13 21:00:00,2,Sm,wind_force_9pm,110,282775,2465,2351
76,Kinogumissee,America/Thunder_Bay,0,1861-02-14 21:00:00,1861-02-14 21:00:00,2,Sm,wind_force_9pm,110,282776,2465,2351
77,Kinogumissee,America/Thunder_Bay,0,1861-02-15 21:00:00,1861-02-15 21:00:00,4,Sm,wind_force_9pm,110,282777,2465,2351
78,Kinogumissee,America/Thunder_Bay,0,1861-02-16 21:00:00,1861-02-16 21:00:00,2,Sm,wind_force_9pm,110,282778,2465,2351
79,Kinogumissee,America/Thunder_Bay,0,1861-02-17 21:00:00,1861-02-17 21:00:00,12,Sm,wind_force_9pm,110,282779,2465,2351
80,Kinogumissee,America/Thunder_Bay,0,1861-02-18 21:00:00,1861-02-18 21:00:00,2,Sm,wind_force_9pm,110,282780,2465,2351
81,Kinogumissee,America/Thunder_Bay,0,1861-02-19 21:00:00,1861-02-19 21:00:00,4,Sm,wind_force_9pm,110,282781,2465,2351
82,Kinogumissee,America/Thunder_Bay,0,1861-02-20 21:00:00,1861-02-20 21:00:00,60,Sm,wind_force_9pm,110,282782,2465,2351
83,Kinogumissee,America/Thunder_Bay,0,1861-02-21 21:00:00,1861-02-21 21:00:00,2,Sm,wind_force_9pm,110,282783,2465,2351
84,Kinogumissee,America/Thunder_Bay,0,1861-02-22 21:00:00,1861-02-22 21:00:00,2,Sm,wind_force_9pm,110,282784,2465,2351
85,Kinogumissee,America/Thunder_Bay,0,1861-02-23 21:00:00,1861-02-23 21:00:00,90,Sm,wind_force_9pm,110,282785,2465,2351
86,Kinogumissee,America/Thunder_Bay,0,1861-02-24 21:00:00,1861-02-24 21:00:00,12,Sm,wind_force_9pm,110,282786,2465,2351
87,Kinogumissee,America/Thunder_Bay,0,1861-02-25 21:00:00,1861-02-25 21:00:00,4,Sm,wind_force_9pm,110,282787,2465,2351
88,Kinogumissee,America/Thunder_Bay,0,1861-02-26 21:00:00,1861-02-26 21:00:00,12,Sm,wind_force_9pm,110,282788,2465,2351
89,Kinogumissee,America/Thunder_Bay,0,1861-02-27 21:00:00,1861-02-27 21:00:00,2,Sm,wind_force_9pm,110,282789,2465,2351
90,Kinogumissee,America/Thunder_Bay,0,1861-02-28 21:00:00,1861-02-28 21:00:00,2,Sm,wind_force_9pm,110,282790,2465,2351
91,Kinogumissee,America/Thunder_Bay,0,1861-03-01 21:00:00,1861-03-01 21:00:00,4,Sm,wind_force_9pm,110,283210,2468,2352
92,Kinogumissee,America/Thunder_Bay,0,1861-03-02 21:00:00,1861-03-02 21:00:00,2,Sm,wind_force_9pm,110,283211,2468,2352
93,Kinogumissee,America/Thunder_Bay,0,1861-03-03 21:00:00,1861-03-03 21:00:00,2,Sm,wind_force_9pm,110,283212,2468,2352
94,Kinogumissee,America/Thunder_Bay,0,1861-03-04 21:00:00,1861-03-04 21:00:00,12,Sm,wind_force_9pm,110,283213,2468,2352
95,Kinogumissee,America/Thunder_Bay,0,1861-03-05 21:00:00,1861-03-05 21:00:00,4,Sm,wind_force_9pm,110,283214,2468,2352
96,Kinogumissee,America/Thunder_Bay,0,1861-03-06 21:00:00,1861-03-06 21:00:00,12,Sm,wind_force_9pm,110,283215,2468,2352
97,Kinogumissee,America/Thunder_Bay,0,1861-03-07 21:00:00,1861-03-07 21:00:00,25,Sm,wind_force_9pm,110,283216,2468,2352
98,Kinogumissee,America/Thunder_Bay,0,1861-03-08 21:00:00,1861-03-08 21:00:00,4,Sm,wind_force_9pm,110,283217,2468,2352
99,Kinogumissee,America/Thunder_Bay,0,1861-03-09 21:00:00,1861-03-09 21:00:00,70,Sm,wind_force_9pm,110,283218,2468,2352
100,Kinogumissee,America/Thunder_Bay,0,1861-03-10 21:00:00,1861-03-10 21:00:00,2,Sm,wind_force_9pm,110,283219,2468,2352
101,Kinogumissee,America/Thunder_Bay,0,1861-03-11 21:00:00,1861-03-11 21:00:00,35,Sm,wind_force_9pm,110,283220,2468,2352
102,Kinogumissee,America/Thunder_Bay,0,1861-03-12 21:00:00,1861-03-12 21:00:00,4,Sm,wind_force_9pm,110,283221,2468,2352
103,Kinogumissee,America/Thunder_Bay,0,1861-03-13 21:00:00,1861-03-13 21:00:00,4,Sm,wind_force_9pm,110,283222,2468,2352
104,Kinogumissee,America/Thunder_Bay,0,1861-03-14 21:00:00,1861-03-14 21:00:00,12,Sm,wind_force_9pm,110,283223,2468,2352
105,Kinogumissee,America/Thunder_Bay,0,1861-03-15 21:00:00,1861-03-15 21:00:00,4,Sm,wind_force_9pm,110,283224,2468,2352
106,Kinogumissee,America/Thunder_Bay,0,1861-03-16 21:00:00,1861-03-16 21:00:00,90,Sm,wind_force_9pm,110,283225,2468,2352
107,Kinogumissee,America/Thunder_Bay,0,1861-03-17 21:00:00,1861-03-17 21:00:00,2,Sm,wind_force_9pm,110,283226,2468,2352
108,Kinogumissee,America/Thunder_Bay,0,1861-03-18 21:00:00,1861-03-18 21:00:00,12,Sm,wind_force_9pm,110,283227,2468,2352
109,Kinogumissee,America/Thunder_Bay,0,1861-03-19 21:00:00,1861-03-19 21:00:00,2,Sm,wind_force_9pm,110,283228,2468,2352
110,Kinogumissee,America/Thunder_Bay,0,1861-03-20 21:00:00,1861-03-20 21:00:00,2,Sm,wind_force_9pm,110,283229,2468,2352
111,Kinogumissee,America/Thunder_Bay,0,1861-03-21 21:00:00,1861-03-21 21:00:00,2,Sm,wind_force_9pm,110,283230,2468,2352
112,Kinogumissee,America/Thunder_Bay,0,1861-03-22 21:00:00,1861-03-22 21:00:00,4,Sm,wind_force_9pm,110,283231,2468,2352
113,Kinogumissee,America/Thunder_Bay,0,1861-03-23 21:00:00,1861-03-23 21:00:00,4,Sm,wind_force_9pm,110,283232,2468,2352
114,Kinogumissee,America/Thunder_Bay,0,1861-03-24 21:00:00,1861-03-24 21:00:00,2,Sm,wind_force_9pm,110,283233,2468,2352
115,Kinogumissee,America/Thunder_Bay,0,1861-03-25 21:00:00,1861-03-25 21:00:00,2,Sm,wind_force_9pm,110,283234,2468,2352
116,Kinogumissee,America/Thunder_Bay,0,1861-03-26 21:00:00,1861-03-26 21:00:00,12,Sm,wind_force_9pm,110,283235,2468,2352
117,Kinogumissee,America/Thunder_Bay,0,1861-03-27 21:00:00,1861-03-27 21:00:00,25,Sm,wind_force_9pm,110,283236,2468,2352
118,Kinogumissee,America/Thunder_Bay,0,1861-03-28 21:00:00,1861-03-28 21:00:00,2,Sm,wind_force_9pm,110,283237,2468,2352
119,Kinogumissee,America/Thunder_Bay,0,1861-03-29 21:00:00,1861-03-29 21:00:00,12,Sm,wind_force_9pm,110,283238,2468,2352
120,Kinogumissee,America/Thunder_Bay,0,1861-03-30 21:00:00,1861-03-30 21:00:00,2,Sm,wind_force_9pm,110,283239,2468,2352
121,Kinogumissee,America/Thunder_Bay,0,1861-03-31 21:00:00,1861-03-31 21:00:00,2,Sm,wind_force_9pm,110,283240,2468,2352
122,Kinogumissee,America/Thunder_Bay,0,1861-04-01 21:00:00,1861-04-01 21:00:00,2,Sm,wind_force_9pm,110,283361,2469,2353
123,Kinogumissee,America/Thunder_Bay,0,1861-04-02 21:00:00,1861-04-02 21:00:00,2,Sm,wind_force_9pm,110,283362,2469,2353
124,Kinogumissee,America/Thunder_Bay,0,1861-04-03 21:00:00,1861-04-03 21:00:00,2,Sm,wind_force_9pm,110,283363,2469,2353
125,Kinogumissee,America/Thunder_Bay,0,1861-04-04 21:00:00,1861-04-04 21:00:00,2,Sm,wind_force_9pm,110,283364,2469,2353
126,Kinogumissee,America/Thunder_Bay,0,1861-04-05 21:00:00,1861-04-05 21:00:00,2,Sm,wind_force_9pm,110,283365,2469,2353
127,Kinogumissee,America/Thunder_Bay,0,1861-04-06 21:00:00,1861-04-06 21:00:00,4,Sm,wind_force_9pm,110,283366,2469,2353
128,Kinogumissee,America/Thunder_Bay,0,1861-04-07 21:00:00,1861-04-07 21:00:00,2,Sm,wind_force_9pm,110,283367,2469,2353
129,Kinogumissee,America/Thunder_Bay,0,1861-04-08 21:00:00,1861-04-08 21:00:00,2,Sm,wind_force_9pm,110,283368,2469,2353
130,Kinogumissee,America/Thunder_Bay,0,1861-04-09 21:00:00,1861-04-09 21:00:00,2,Sm,wind_force_9pm,110,283369,2469,2353
131,Kinogumissee,America/Thunder_Bay,0,1861-04-10 21:00:00,1861-04-10 21:00:00,2,Sm,wind_force_9pm,110,283370,2469,2353
132,Kinogumissee,America/Thunder_Bay,0,1861-04-11 21:00:00,1861-04-11 21:00:00,2,Sm,wind_force_9pm,110,283371,2469,2353
133,Kinogumissee,America/Thunder_Bay,0,1861-04-12 21:00:00,1861-04-12 21:00:00,2,Sm,wind_force_9pm,110,283372,2469,2353
134,Kinogumissee,America/Thunder_Bay,0,1861-04-13 21:00:00,1861-04-13 21:00:00,35,Sm,wind_force_9pm,110,283373,2469,2353
135,Kinogumissee,America/Thunder_Bay,0,1861-04-14 21:00:00,1861-04-14 21:00:00,2,Sm,wind_force_9pm,110,283374,2469,2353
136,Kinogumissee,America/Thunder_Bay,0,1861-04-15 21:00:00,1861-04-15 21:00:00,2,Sm,wind_force_9pm,110,283375,2469,2353
137,Kinogumissee,America/Thunder_Bay,0,1861-04-16 21:00:00,1861-04-16 21:00:00,2,Sm,wind_force_9pm,110,283376,2469,2353
138,Kinogumissee,America/Thunder_Bay,0,1861-04-17 21:00:00,1861-04-17 21:00:00,4,Sm,wind_force_9pm,110,283377,2469,2353
139,Kinogumissee,America/Thunder_Bay,0,1861-04-18 21:00:00,1861-04-18 21:00:00,12,Sm,wind_force_9pm,110,283378,2469,2353
140,Kinogumissee,America/Thunder_Bay,0,1861-04-19 21:00:00,1861-04-19 21:00:00,2,Sm,wind_force_9pm,110,283379,2469,2353
141,Kinogumissee,America/Thunder_Bay,0,1861-04-20 21:00:00,1861-04-20 21:00:00,4,Sm,wind_force_9pm,110,283380,2469,2353
142,Kinogumissee,America/Thunder_Bay,0,1861-04-21 21:00:00,1861-04-21 21:00:00,4,Sm,wind_force_9pm,110,283381,2469,2353
143,Kinogumissee,America/Thunder_Bay,0,1861-04-22 21:00:00,1861-04-22 21:00:00,12,Sm,wind_force_9pm,110,283382,2469,2353
144,Kinogumissee,America/Thunder_Bay,0,1861-04-23 21:00:00,1861-04-23 21:00:00,12,Sm,wind_force_9pm,110,283383,2469,2353
145,Kinogumissee,America/Thunder_Bay,0,1861-04-24 21:00:00,1861-04-24 21:00:00,25,Sm,wind_force_9pm,110,283384,2469,2353
146,Kinogumissee,America/Thunder_Bay,0,1861-04-25 21:00:00,1861-04-25 21:00:00,12,Sm,wind_force_9pm,110,283385,2469,2353
147,Kinogumissee,America/Thunder_Bay,0,1861-04-26 21:00:00,1861-04-26 21:00:00,4,Sm,wind_force_9pm,110,283386,2469,2353
148,Kinogumissee,America/Thunder_Bay,0,1861-04-27 21:00:00,1861-04-27 21:00:00,2,Sm,wind_force_9pm,110,283387,2469,2353
149,Kinogumissee,America/Thunder_Bay,0,1861-04-28 21:00:00,1861-04-28 21:00:00,2,Sm,wind_force_9pm,110,283388,2469,2353
150,Kinogumissee,America/Thunder_Bay,0,1861-04-29 21:00:00,1861-04-29 21:00:00,35,Sm,wind_force_9pm,110,283389,2469,2353
151,Kinogumissee,America/Thunder_Bay,0,1861-04-30 21:00:00,1861-04-30 21:00:00,45,Sm,wind_force_9pm,110,283390,2469,2353
152,Kinogumissee,America/Thunder_Bay,0,1861-05-01 21:00:00,1861-05-01 21:00:00,12,Sm,wind_force_9pm,110,283954,2470,2354
153,Kinogumissee,America/Thunder_Bay,0,1861-05-02 21:00:00,1861-05-02 21:00:00,2,Sm,wind_force_9pm,110,283955,2470,2354
154,Kinogumissee,America/Thunder_Bay,0,1861-05-03 21:00:00,1861-05-03 21:00:00,2,Sm,wind_force_9pm,110,283956,2470,2354
155,Kinogumissee,America/Thunder_Bay,0,1861-05-04 21:00:00,1861-05-04 21:00:00,5,Sm,wind_force_9pm,110,283957,2470,2354
156,Kinogumissee,America/Thunder_Bay,0,1861-05-05 21:00:00,1861-05-05 21:00:00,4,Sm,wind_force_9pm,110,283958,2470,2354
157,Kinogumissee,America/Thunder_Bay,0,1861-05-06 21:00:00,1861-05-06 21:00:00,4,Sm,wind_force_9pm,110,283959,2470,2354
158,Kinogumissee,America/Thunder_Bay,0,1861-05-07 21:00:00,1861-05-07 21:00:00,75,Sm,wind_force_9pm,110,283960,2470,2354
159,Kinogumissee,America/Thunder_Bay,0,1861-05-08 21:00:00,1861-05-08 21:00:00,2,Sm,wind_force_9pm,110,283961,2470,2354
160,Kinogumissee,America/Thunder_Bay,0,1861-05-09 21:00:00,1861-05-09 21:00:00,2,Sm,wind_force_9pm,110,283962,2470,2354
161,Kinogumissee,America/Thunder_Bay,0,1861-05-10 21:00:00,1861-05-10 21:00:00,2,Sm,wind_force_9pm,110,283963,2470,2354
162,Kinogumissee,America/Thunder_Bay,0,1861-05-11 21:00:00,1861-05-11 21:00:00,2,Sm,wind_force_9pm,110,283964,2470,2354
163,Kinogumissee,America/Thunder_Bay,0,1861-05-12 21:00:00,1861-05-12 21:00:00,2,Sm,wind_force_9pm,110,283965,2470,2354
164,Kinogumissee,America/Thunder_Bay,0,1861-05-13 21:00:00,1861-05-13 21:00:00,25,Sm,wind_force_9pm,110,283966,2470,2354
165,Kinogumissee,America/Thunder_Bay,0,1861-05-14 21:00:00,1861-05-14 21:00:00,60,Sm,wind_force_9pm,110,283967,2470,2354
166,Kinogumissee,America/Thunder_Bay,0,1861-05-15 21:00:00,1861-05-15 21:00:00,2,Sm,wind_force_9pm,110,283968,2470,2354
167,Kinogumissee,America/Thunder_Bay,0,1861-05-16 21:00:00,1861-05-16 21:00:00,35,Sm,wind_force_9pm,110,283969,2470,2354
168,Kinogumissee,America/Thunder_Bay,0,1861-05-17 21:00:00,1861-05-17 21:00:00,2,Sm,wind_force_9pm,110,283970,2470,2354
169,Kinogumissee,America/Thunder_Bay,0,1861-05-18 21:00:00,1861-05-18 21:00:00,2,Sm,wind_force_9pm,110,283971,2470,2354
170,Kinogumissee,America/Thunder_Bay,0,1861-05-19 21:00:00,1861-05-19 21:00:00,12,Sm,wind_force_9pm,110,283972,2470,2354
171,Kinogumissee,America/Thunder_Bay,0,1861-05-20 21:00:00,1861-05-20 21:00:00,35,Sm,wind_force_9pm,110,283973,2470,2354
172,Kinogumissee,America/Thunder_Bay,0,1861-05-21 21:00:00,1861-05-21 21:00:00,2,Sm,wind_force_9pm,110,283974,2470,2354
173,Kinogumissee,America/Thunder_Bay,0,1861-05-22 21:00:00,1861-05-22 21:00:00,2,Sm,wind_force_9pm,110,283975,2470,2354
174,Kinogumissee,America/Thunder_Bay,0,1861-05-23 21:00:00,1861-05-23 21:00:00,75,Sm,wind_force_9pm,110,283976,2470,2354
175,Kinogumissee,America/Thunder_Bay,0,1861-05-24 21:00:00,1861-05-24 21:00:00,8,Sm,wind_force_9pm,110,283977,2470,2354
176,Kinogumissee,America/Thunder_Bay,0,1861-05-25 21:00:00,1861-05-25 21:00:00,4,Sm,wind_force_9pm,110,283978,2470,2354
177,Kinogumissee,America/Thunder_Bay,0,1861-05-26 21:00:00,1861-05-26 21:00:00,4,Sm,wind_force_9pm,110,283979,2470,2354
178,Kinogumissee,America/Thunder_Bay,0,1861-05-27 21:00:00,1861-05-27 21:00:00,90,Sm,wind_force_9pm,110,283980,2470,2354
179,Kinogumissee,America/Thunder_Bay,0,1861-05-28 21:00:00,1861-05-28 21:00:00,12,Sm,wind_force_9pm,110,283981,2470,2354
180,Kinogumissee,America/Thunder_Bay,0,1861-05-29 21:00:00,1861-05-29 21:00:00,2,Sm,wind_force_9pm,110,283982,2470,2354
181,Kinogumissee,America/Thunder_Bay,0,1861-05-30 21:00:00,1861-05-30 21:00:00,2,Sm,wind_force_9pm,110,283983,2470,2354
182,Kinogumissee,America/Thunder_Bay,0,1861-05-31 21:00:00,1861-05-31 21:00:00,2,Sm,wind_force_9pm,110,283984,2470,2354
183,Kinogumissee,America/Thunder_Bay,0,1862-08-01 21:00:00,1862-08-01 21:00:00,4,Sm,wind_force_9pm,110,282924,2466,2360
184,Kinogumissee,America/Thunder_Bay,0,1862-08-02 21:00:00,1862-08-02 21:00:00,0,Sm,wind_force_9pm,110,282925,2466,2360
185,Kinogumissee,America/Thunder_Bay,0,1862-08-03 21:00:00,1862-08-03 21:00:00,35,Sm,wind_force_9pm,110,282926,2466,2360
186,Kinogumissee,America/Thunder_Bay,0,1862-08-04 21:00:00,1862-08-04 21:00:00,4,Sm,wind_force_9pm,110,282927,2466,2360
187,Kinogumissee,America/Thunder_Bay,0,1862-08-05 21:00:00,1862-08-05 21:00:00,2,Sm,wind_force_9pm,110,282928,2466,2360
188,Kinogumissee,America/Thunder_Bay,0,1862-08-06 21:00:00,1862-08-06 21:00:00,2,Sm,wind_force_9pm,110,283797,2466,2360
189,Kinogumissee,America/Thunder_Bay,0,1862-08-07 21:00:00,1862-08-07 21:00:00,12,Sm,wind_force_9pm,110,283798,2466,2360
190,Kinogumissee,America/Thunder_Bay,0,1862-08-08 21:00:00,1862-08-08 21:00:00,35,Sm,wind_force_9pm,110,283799,2466,2360
191,Kinogumissee,America/Thunder_Bay,0,1862-08-09 21:00:00,1862-08-09 21:00:00,2,Sm,wind_force_9pm,110,283800,2466,2360
192,Kinogumissee,America/Thunder_Bay,0,1862-08-10 21:00:00,1862-08-10 21:00:00,12,Sm,wind_force_9pm,110,283801,2466,2360
193,Kinogumissee,America/Thunder_Bay,0,1862-08-11 21:00:00,1862-08-11 21:00:00,35,Sm,wind_force_9pm,110,283802,2466,2360
194,Kinogumissee,America/Thunder_Bay,0,1862-08-12 21:00:00,1862-08-12 21:00:00,2,Sm,wind_force_9pm,110,283803,2466,2360
195,Kinogumissee,America/Thunder_Bay,0,1862-08-13 21:00:00,1862-08-13 21:00:00,45,Sm,wind_force_9pm,110,283804,2466,2360
196,Kinogumissee,America/Thunder_Bay,0,1862-08-14 21:00:00,1862-08-14 21:00:00,12,Sm,wind_force_9pm,110,283805,2466,2360
197,Kinogumissee,America/Thunder_Bay,0,1862-08-15 21:00:00,1862-08-15 21:00:00,25,Sm,wind_force_9pm,110,283806,2466,2360
198,Kinogumissee,America/Thunder_Bay,0,1862-08-16 21:00:00,1862-08-16 21:00:00,2,Sm,wind_force_9pm,110,283807,2466,2360
199,Kinogumissee,America/Thunder_Bay,0,1862-08-17 21:00:00,1862-08-17 21:00:00,45,Sm,wind_force_9pm,110,283808,2466,2360
200,Kinogumissee,America/Thunder_Bay,0,1862-08-18 21:00:00,1862-08-18 21:00:00,2,Sm,wind_force_9pm,110,283809,2466,2360
201,Kinogumissee,America/Thunder_Bay,0,1862-08-19 21:00:00,1862-08-19 21:00:00,25,Sm,wind_force_9pm,110,283810,2466,2360
202,Kinogumissee,America/Thunder_Bay,0,1862-08-20 21:00:00,1862-08-20 21:00:00,2,Sm,wind_force_9pm,110,283811,2466,2360
203,Kinogumissee,America/Thunder_Bay,0,1862-08-21 21:00:00,1862-08-21 21:00:00,12,Sm,wind_force_9pm,110,283812,2466,2360
204,Kinogumissee,America/Thunder_Bay,0,1862-08-22 21:00:00,1862-08-22 21:00:00,12,Sm,wind_force_9pm,110,283813,2466,2360
205,Kinogumissee,America/Thunder_Bay,0,1862-08-23 21:00:00,1862-08-23 21:00:00,2,Sm,wind_force_9pm,110,283814,2466,2360
206,Kinogumissee,America/Thunder_Bay,0,1862-08-24 21:00:00,1862-08-24 21:00:00,4,Sm,wind_force_9pm,110,283815,2466,2360
207,Kinogumissee,America/Thunder_Bay,0,1862-08-25 21:00:00,1862-08-25 21:00:00,2,Sm,wind_force_9pm,110,283816,2466,2360
208,Kinogumissee,America/Thunder_Bay,0,1862-08-26 21:00:00,1862-08-26 21:00:00,25,Sm,wind_force_9pm,110,283817,2466,2360
209,Kinogumissee,America/Thunder_Bay,0,1862-08-27 21:00:00,1862-08-27 21:00:00,2,Sm,wind_force_9pm,110,283818,2466,2360
210,Kinogumissee,America/Thunder_Bay,0,1862-08-28 21:00:00,1862-08-28 21:00:00,25,Sm,wind_force_9pm,110,283819,2466,2360
211,Kinogumissee,America/Thunder_Bay,0,1862-08-29 21:00:00,1862-08-29 21:00:00,12,Sm,wind_force_9pm,110,283820,2466,2360
212,Kinogumissee,America/Thunder_Bay,0,1862-08-30 21:00:00,1862-08-30 21:00:00,12,Sm,wind_force_9pm,110,283821,2466,2360
213,Kinogumissee,America/Thunder_Bay,0,1862-08-31 21:00:00,1862-08-31 21:00:00,65,Sm,wind_force_9pm,110,283822,2466,2360
214,Kinogumissee,America/Thunder_Bay,0,1862-09-01 21:00:00,1862-09-01 21:00:00,60,Sm,wind_force_9pm,110,284484,2472,2359
215,Kinogumissee,America/Thunder_Bay,0,1862-09-02 21:00:00,1862-09-02 21:00:00,12,Sm,wind_force_9pm,110,284485,2472,2359
216,Kinogumissee,America/Thunder_Bay,0,1862-09-03 21:00:00,1862-09-03 21:00:00,45,Sm,wind_force_9pm,110,284486,2472,2359
217,Kinogumissee,America/Thunder_Bay,0,1862-09-04 21:00:00,1862-09-04 21:00:00,4,Sm,wind_force_9pm,110,284487,2472,2359
218,Kinogumissee,America/Thunder_Bay,0,1862-09-05 21:00:00,1862-09-05 21:00:00,35,Sm,wind_force_9pm,110,284488,2472,2359
219,Kinogumissee,America/Thunder_Bay,0,1862-09-06 21:00:00,1862-09-06 21:00:00,2,Sm,wind_force_9pm,110,284489,2472,2359
220,Kinogumissee,America/Thunder_Bay,0,1862-09-07 21:00:00,1862-09-07 21:00:00,25,Sm,wind_force_9pm,110,284490,2472,2359
221,Kinogumissee,America/Thunder_Bay,0,1862-09-08 21:00:00,1862-09-08 21:00:00,2,Sm,wind_force_9pm,110,284491,2472,2359
222,Kinogumissee,America/Thunder_Bay,0,1862-09-09 21:00:00,1862-09-09 21:00:00,12,Sm,wind_force_9pm,110,284492,2472,2359
223,Kinogumissee,America/Thunder_Bay,0,1862-09-10 21:00:00,1862-09-10 21:00:00,2,Sm,wind_force_9pm,110,284493,2472,2359
224,Kinogumissee,America/Thunder_Bay,0,1862-09-11 21:00:00,1862-09-11 21:00:00,25,Sm,wind_force_9pm,110,284494,2472,2359
225,Kinogumissee,America/Thunder_Bay,0,1862-09-12 21:00:00,1862-09-12 21:00:00,25,Sm,wind_force_9pm,110,284495,2472,2359
226,Kinogumissee,America/Thunder_Bay,0,1862-09-13 21:00:00,1862-09-13 21:00:00,12,Sm,wind_force_9pm,110,284496,2472,2359
227,Kinogumissee,America/Thunder_Bay,0,1862-09-14 21:00:00,1862-09-14 21:00:00,2,Sm,wind_force_9pm,110,284497,2472,2359
228,Kinogumissee,America/Thunder_Bay,0,1862-09-15 21:00:00,1862-09-15 21:00:00,2,Sm,wind_force_9pm,110,284498,2472,2359
229,Kinogumissee,America/Thunder_Bay,0,1862-09-16 21:00:00,1862-09-16 21:00:00,2,Sm,wind_force_9pm,110,284499,2472,2359
230,Kinogumissee,America/Thunder_Bay,0,1862-09-17 21:00:00,1862-09-17 21:00:00,2,Sm,wind_force_9pm,110,284500,2472,2359
231,Kinogumissee,America/Thunder_Bay,0,1862-09-18 21:00:00,1862-09-18 21:00:00,2,Sm,wind_force_9pm,110,284501,2472,2359
232,Kinogumissee,America/Thunder_Bay,0,1862-09-19 21:00:00,1862-09-19 21:00:00,0,Sm,wind_force_9pm,110,284502,2472,2359
233,Kinogumissee,America/Thunder_Bay,0,1862-09-20 21:00:00,1862-09-20 21:00:00,12,Sm,wind_force_9pm,110,284503,2472,2359
234,Kinogumissee,America/Thunder_Bay,0,1862-09-21 21:00:00,1862-09-21 21:00:00,60,Sm,wind_force_9pm,110,284504,2472,2359
235,Kinogumissee,America/Thunder_Bay,0,1862-09-22 21:00:00,1862-09-22 21:00:00,12,Sm,wind_force_9pm,110,284505,2472,2359
236,Kinogumissee,America/Thunder_Bay,0,1862-09-23 21:00:00,1862-09-23 21:00:00,35,Sm,wind_force_9pm,110,284506,2472,2359
237,Kinogumissee,America/Thunder_Bay,0,1862-09-24 21:00:00,1862-09-24 21:00:00,25,Sm,wind_force_9pm,110,284507,2472,2359
238,Kinogumissee,America/Thunder_Bay,0,1862-09-25 21:00:00,1862-09-25 21:00:00,25,Sm,wind_force_9pm,110,284508,2472,2359
239,Kinogumissee,America/Thunder_Bay,0,1862-09-26 21:00:00,1862-09-26 21:00:00,12,Sm,wind_force_9pm,110,284509,2472,2359
240,Kinogumissee,America/Thunder_Bay,0,1862-09-27 21:00:00,1862-09-27 21:00:00,60,Sm,wind_force_9pm,110,284510,2472,2359
241,Kinogumissee,America/Thunder_Bay,0,1862-09-28 21:00:00,1862-09-28 21:00:00,25,Sm,wind_force_9pm,110,284511,2472,2359
242,Kinogumissee,America/Thunder_Bay,0,1862-09-29 21:00:00,1862-09-29 21:00:00,12,Sm,wind_force_9pm,110,284512,2472,2359
243,Kinogumissee,America/Thunder_Bay,0,1862-09-30 21:00:00,1862-09-30 21:00:00,25,Sm,wind_force_9pm,110,284513,2472,2359
244,Kinogumissee,America/Thunder_Bay,0,1862-10-01 21:00:00,1862-10-01 21:00:00,2,Sm,wind_force_9pm,110,283404,2477,2364
245,Kinogumissee,America/Thunder_Bay,0,1862-10-02 21:00:00,1862-10-02 21:00:00,12,Sm,wind_force_9pm,110,283412,2477,2364
246,Kinogumissee,America/Thunder_Bay,0,1862-10-03 21:00:00,1862-10-03 21:00:00,60,Sm,wind_force_9pm,110,283418,2477,2364
247,Kinogumissee,America/Thunder_Bay,0,1862-10-04 21:00:00,1862-10-04 21:00:00,90,Sm,wind_force_9pm,110,283424,2477,2364
248,Kinogumissee,America/Thunder_Bay,0,1862-10-05 21:00:00,1862-10-05 21:00:00,2,Sm,wind_force_9pm,110,283430,2477,2364
249,Kinogumissee,America/Thunder_Bay,0,1862-10-06 21:00:00,1862-10-06 21:00:00,35,Sm,wind_force_9pm,110,283436,2477,2364
250,Kinogumissee,America/Thunder_Bay,0,1862-10-07 21:00:00,1862-10-07 21:00:00,2,Sm,wind_force_9pm,110,283442,2477,2364
251,Kinogumissee,America/Thunder_Bay,0,1862-10-08 21:00:00,1862-10-08 21:00:00,45,Sm,wind_force_9pm,110,283448,2477,2364
252,Kinogumissee,America/Thunder_Bay,0,1862-10-09 21:00:00,1862-10-09 21:00:00,2,Sm,wind_force_9pm,110,283454,2477,2364
253,Kinogumissee,America/Thunder_Bay,0,1862-10-10 21:00:00,1862-10-10 21:00:00,2,Sm,wind_force_9pm,110,283460,2477,2364
254,Kinogumissee,America/Thunder_Bay,0,1862-10-11 21:00:00,1862-10-11 21:00:00,12,Sm,wind_force_9pm,110,283466,2477,2364
255,Kinogumissee,America/Thunder_Bay,0,1862-10-12 21:00:00,1862-10-12 21:00:00,75,Sm,wind_force_9pm,110,283472,2477,2364
256,Kinogumissee,America/Thunder_Bay,0,1862-10-13 21:00:00,1862-10-13 21:00:00,35,Sm,wind_force_9pm,110,283478,2477,2364
257,Kinogumissee,America/Thunder_Bay,0,1862-10-14 21:00:00,1862-10-14 21:00:00,35,Sm,wind_force_9pm,110,283484,2477,2364
258,Kinogumissee,America/Thunder_Bay,0,1862-10-15 21:00:00,1862-10-15 21:00:00,45,Sm,wind_force_9pm,110,283490,2477,2364
259,Kinogumissee,America/Thunder_Bay,0,1862-10-16 21:00:00,1862-10-16 21:00:00,12,Sm,wind_force_9pm,110,285183,2477,2364
260,Kinogumissee,America/Thunder_Bay,0,1862-10-17 21:00:00,1862-10-17 21:00:00,0,Sm,wind_force_9pm,110,285201,2477,2364
261,Kinogumissee,America/Thunder_Bay,0,1862-10-18 21:00:00,1862-10-18 21:00:00,75,Sm,wind_force_9pm,110,285208,2477,2364
262,Kinogumissee,America/Thunder_Bay,0,1862-10-19 21:00:00,1862-10-19 21:00:00,45,Sm,wind_force_9pm,110,285216,2477,2364
263,Kinogumissee,America/Thunder_Bay,0,1862-10-20 21:00:00,1862-10-20 21:00:00,90,Sm,wind_force_9pm,110,285222,2477,2364
264,Kinogumissee,America/Thunder_Bay,0,1862-10-21 21:00:00,1862-10-21 21:00:00,35,Sm,wind_force_9pm,110,285228,2477,2364
265,Kinogumissee,America/Thunder_Bay,0,1862-10-22 21:00:00,1862-10-22 21:00:00,60,Sm,wind_force_9pm,110,285234,2477,2364
266,Kinogumissee,America/Thunder_Bay,0,1862-10-23 21:00:00,1862-10-23 21:00:00,12,Sm,wind_force_9pm,110,285241,2477,2364
267,Kinogumissee,America/Thunder_Bay,0,1862-10-24 21:00:00,1862-10-24 21:00:00,45,Sm,wind_force_9pm,110,285257,2477,2364
268,Kinogumissee,America/Thunder_Bay,0,1862-10-25 21:00:00,1862-10-25 21:00:00,2,Sm,wind_force_9pm,110,285278,2477,2364
269,Kinogumissee,America/Thunder_Bay,0,1862-10-26 21:00:00,1862-10-26 21:00:00,35,Sm,wind_force_9pm,110,285290,2477,2364
270,Kinogumissee,America/Thunder_Bay,0,1862-10-27 21:00:00,1862-10-27 21:00:00,25,Sm,wind_force_9pm,110,285296,2477,2364
271,Kinogumissee,America/Thunder_Bay,0,1862-10-28 21:00:00,1862-10-28 21:00:00,2,Sm,wind_force_9pm,110,285302,2477,2364
272,Kinogumissee,America/Thunder_Bay,0,1862-10-29 21:00:00,1862-10-29 21:00:00,0,Sm,wind_force_9pm,110,285310,2477,2364
273,Kinogumissee,America/Thunder_Bay,0,1862-10-30 21:00:00,1862-10-30 21:00:00,2,Sm,wind_force_9pm,110,285316,2477,2364
274,Kinogumissee,America/Thunder_Bay,0,1862-10-31 21:00:00,1862-10-31 21:00:00,25,Sm,wind_force_9pm,110,285322,2477,2364
275,,America/Thunder_Bay,0,1862-11-01 21:00:00,1862-11-01 21:00:00,12,Sm,wind_force_9pm,110,283612,2478,2363
276,,America/Thunder_Bay,0,1862-11-02 21:00:00,1862-11-02 21:00:00,2,Sm,wind_force_9pm,110,283613,2478,2363
277,,America/Thunder_Bay,0,1862-11-03 21:00:00,1862-11-03 21:00:00,2,Sm,wind_force_9pm,110,283614,2478,2363
278,,America/Thunder_Bay,0,1862-11-04 21:00:00,1862-11-04 21:00:00,12,Sm,wind_force_9pm,110,283615,2478,2363
279,,America/Thunder_Bay,0,1862-11-05 21:00:00,1862-11-05 21:00:00,45,Sm,wind_force_9pm,110,283616,2478,2363
280,,America/Thunder_Bay,0,1862-11-06 21:00:00,1862-11-06 21:00:00,2,Sm,wind_force_9pm,110,283617,2478,2363
281,,America/Thunder_Bay,0,1862-11-07 21:00:00,1862-11-07 21:00:00,2,Sm,wind_force_9pm,110,283618,2478,2363
282,,America/Thunder_Bay,0,1862-11-08 21:00:00,1862-11-08 21:00:00,2,Sm,wind_force_9pm,110,283619,2478,2363
283,,America/Thunder_Bay,0,1862-11-09 21:00:00,1862-11-09 21:00:00,12,Sm,wind_force_9pm,110,283620,2478,2363
284,,America/Thunder_Bay,0,1862-11-10 21:00:00,1862-11-10 21:00:00,2,Sm,wind_force_9pm,110,283621,2478,2363
285,,America/Thunder_Bay,0,1862-11-11 21:00:00,1862-11-11 21:00:00,25,Sm,wind_force_9pm,110,283622,2478,2363
286,,America/Thunder_Bay,0,1862-11-12 21:00:00,1862-11-12 21:00:00,25,Sm,wind_force_9pm,110,283623,2478,2363
287,,America/Thunder_Bay,0,1862-11-13 21:00:00,1862-11-13 21:00:00,25,Sm,wind_force_9pm,110,283624,2478,2363
288,,America/Thunder_Bay,0,1862-11-14 21:00:00,1862-11-14 21:00:00,2,Sm,wind_force_9pm,110,283625,2478,2363
289,,America/Thunder_Bay,0,1862-11-15 21:00:00,1862-11-15 21:00:00,2,Sm,wind_force_9pm,110,283626,2478,2363
290,,America/Thunder_Bay,0,1862-11-16 21:00:00,1862-11-16 21:00:00,12,Sm,wind_force_9pm,110,283627,2478,2363
291,,America/Thunder_Bay,0,1862-11-17 21:00:00,1862-11-17 21:00:00,12,Sm,wind_force_9pm,110,283628,2478,2363
292,,America/Thunder_Bay,0,1862-11-18 21:00:00,1862-11-18 21:00:00,45,Sm,wind_force_9pm,110,283629,2478,2363
293,,America/Thunder_Bay,0,1862-11-19 21:00:00,1862-11-19 21:00:00,12,Sm,wind_force_9pm,110,283630,2478,2363
294,,America/Thunder_Bay,0,1862-11-20 21:00:00,1862-11-20 21:00:00,2,Sm,wind_force_9pm,110,283631,2478,2363
295,,America/Thunder_Bay,0,1862-11-21 21:00:00,1862-11-21 21:00:00,2,Sm,wind_force_9pm,110,283632,2478,2363
296,,America/Thunder_Bay,0,1862-11-22 21:00:00,1862-11-22 21:00:00,35,Sm,wind_force_9pm,110,283633,2478,2363
297,,America/Thunder_Bay,0,1862-11-23 21:00:00,1862-11-23 21:00:00,2,Sm,wind_force_9pm,110,283634,2478,2363
298,,America/Thunder_Bay,0,1862-11-24 21:00:00,1862-11-24 21:00:00,25,Sm,wind_force_9pm,110,283635,2478,2363
299,,America/Thunder_Bay,0,1862-11-25 21:00:00,1862-11-25 21:00:00,2,Sm,wind_force_9pm,110,283636,2478,2363
300,,America/Thunder_Bay,0,1862-11-26 21:00:00,1862-11-26 21:00:00,2,Sm,wind_force_9pm,110,283637,2478,2363
301,,America/Thunder_Bay,0,1862-11-27 21:00:00,1862-11-27 21:00:00,2,Sm,wind_force_9pm,110,283638,2478,2363
302,,America/Thunder_Bay,0,1862-11-28 21:00:00,1862-11-28 21:00:00,12,Sm,wind_force_9pm,110,283639,2478,2363
303,,America/Thunder_Bay,0,1862-11-29 21:00:00,1862-11-29 21:00:00,2,Sm,wind_force_9pm,110,283640,2478,2363
304,,America/Thunder_Bay,0,1862-11-30 21:00:00,1862-11-30 21:00:00,25,Sm,wind_force_9pm,110,283641,2478,2363
305,Kinogumissee,America/Thunder_Bay,0,1862-12-01 21:00:00,1862-12-01 21:00:00,25,Sm,wind_force_9pm,110,283766,2479,2366
306,Kinogumissee,America/Thunder_Bay,0,1862-12-02 21:00:00,1862-12-02 21:00:00,12,Sm,wind_force_9pm,110,283767,2479,2366
307,Kinogumissee,America/Thunder_Bay,0,1862-12-03 21:00:00,1862-12-03 21:00:00,2,Sm,wind_force_9pm,110,283768,2479,2366
308,Kinogumissee,America/Thunder_Bay,0,1862-12-04 21:00:00,1862-12-04 21:00:00,2,Sm,wind_force_9pm,110,283769,2479,2366
309,Kinogumissee,America/Thunder_Bay,0,1862-12-05 21:00:00,1862-12-05 21:00:00,12,Sm,wind_force_9pm,110,283770,2479,2366
310,Kinogumissee,America/Thunder_Bay,0,1862-12-06 21:00:00,1862-12-06 21:00:00,12,Sm,wind_force_9pm,110,283771,2479,2366
311,Kinogumissee,America/Thunder_Bay,0,1862-12-07 21:00:00,1862-12-07 21:00:00,2,Sm,wind_force_9pm,110,283772,2479,2366
312,Kinogumissee,America/Thunder_Bay,0,1862-12-08 21:00:00,1862-12-08 21:00:00,12,Sm,wind_force_9pm,110,283773,2479,2366
313,Kinogumissee,America/Thunder_Bay,0,1862-12-09 21:00:00,1862-12-09 21:00:00,12,Sm,wind_force_9pm,110,283774,2479,2366
314,Kinogumissee,America/Thunder_Bay,0,1862-12-10 21:00:00,1862-12-10 21:00:00,25,Sm,wind_force_9pm,110,283775,2479,2366
315,Kinogumissee,America/Thunder_Bay,0,1862-12-11 21:00:00,1862-12-11 21:00:00,45,Sm,wind_force_9pm,110,283776,2479,2366
316,Kinogumissee,America/Thunder_Bay,0,1862-12-12 21:00:00,1862-12-12 21:00:00,12,Sm,wind_force_9pm,110,283777,2479,2366
317,Kinogumissee,America/Thunder_Bay,0,1862-12-13 21:00:00,1862-12-13 21:00:00,2,Sm,wind_force_9pm,110,283778,2479,2366
318,Kinogumissee,America/Thunder_Bay,0,1862-12-14 21:00:00,1862-12-14 21:00:00,12,Sm,wind_force_9pm,110,283779,2479,2366
319,Kinogumissee,America/Thunder_Bay,0,1862-12-15 21:00:00,1862-12-15 21:00:00,25,Sm,wind_force_9pm,110,283780,2479,2366
320,Kinogumissee,America/Thunder_Bay,0,1862-12-16 21:00:00,1862-12-16 21:00:00,35,Sm,wind_force_9pm,110,283781,2479,2366
321,Kinogumissee,America/Thunder_Bay,0,1862-12-17 21:00:00,1862-12-17 21:00:00,25,Sm,wind_force_9pm,110,283782,2479,2366
322,Kinogumissee,America/Thunder_Bay,0,1862-12-18 21:00:00,1862-12-18 21:00:00,12,Sm,wind_force_9pm,110,283783,2479,2366
323,Kinogumissee,America/Thunder_Bay,0,1862-12-19 21:00:00,1862-12-19 21:00:00,12,Sm,wind_force_9pm,110,283784,2479,2366
324,Kinogumissee,America/Thunder_Bay,0,1862-12-20 21:00:00,1862-12-20 21:00:00,12,Sm,wind_force_9pm,110,283785,2479,2366
325,Kinogumissee,America/Thunder_Bay,0,1862-12-21 21:00:00,1862-12-21 21:00:00,35,Sm,wind_force_9pm,110,283786,2479,2366
326,Kinogumissee,America/Thunder_Bay,0,1862-12-22 21:00:00,1862-12-22 21:00:00,25,Sm,wind_force_9pm,110,283787,2479,2366
327,Kinogumissee,America/Thunder_Bay,0,1862-12-23 21:00:00,1862-12-23 21:00:00,12,Sm,wind_force_9pm,110,283788,2479,2366
328,Kinogumissee,America/Thunder_Bay,0,1862-12-24 21:00:00,1862-12-24 21:00:00,12,Sm,wind_force_9pm,110,283789,2479,2366
329,Kinogumissee,America/Thunder_Bay,0,1862-12-25 21:00:00,1862-12-25 21:00:00,2,Sm,wind_force_9pm,110,283790,2479,2366
330,Kinogumissee,America/Thunder_Bay,0,1862-12-26 21:00:00,1862-12-26 21:00:00,4,Sm,wind_force_9pm,110,283791,2479,2366
331,Kinogumissee,America/Thunder_Bay,0,1862-12-27 21:00:00,1862-12-27 21:00:00,2,Sm,wind_force_9pm,110,283792,2479,2366
332,Kinogumissee,America/Thunder_Bay,0,1862-12-28 21:00:00,1862-12-28 21:00:00,0,Sm,wind_force_9pm,110,283793,2479,2366
333,Kinogumissee,America/Thunder_Bay,0,1862-12-29 21:00:00,1862-12-29 21:00:00,35,Sm,wind_force_9pm,110,283794,2479,2366
334,Kinogumissee,America/Thunder_Bay,0,1862-12-30 21:00:00,1862-12-30 21:00:00,4,Sm,wind_force_9pm,110,283795,2479,2366
335,Kinogumissee,America/Thunder_Bay,0,1862-12-31 21:00:00,1862-12-31 21:00:00,25,Sm,wind_force_9pm,110,283796,2479,2366
336,Kinogumissee,America/Thunder_Bay,0,1863-03-01 21:00:00,1863-03-01 21:00:00,12,Sm,wind_force_9pm,110,285289,2473,2368
337,Kinogumissee,America/Thunder_Bay,0,1863-03-02 21:00:00,1863-03-02 21:00:00,4,Sm,wind_force_9pm,110,285303,2473,2368
338,Kinogumissee,America/Thunder_Bay,0,1863-03-03 21:00:00,1863-03-03 21:00:00,2,Sm,wind_force_9pm,110,285306,2473,2368
339,Kinogumissee,America/Thunder_Bay,0,1863-03-04 21:00:00,1863-03-04 21:00:00,2,Sm,wind_force_9pm,110,285330,2473,2368
340,Kinogumissee,America/Thunder_Bay,0,1863-03-05 21:00:00,1863-03-05 21:00:00,75,Sm,wind_force_9pm,110,285331,2473,2368
341,Kinogumissee,America/Thunder_Bay,0,1863-03-06 21:00:00,1863-03-06 21:00:00,12,Sm,wind_force_9pm,110,285332,2473,2368
342,Kinogumissee,America/Thunder_Bay,0,1863-03-07 21:00:00,1863-03-07 21:00:00,0,Sm,wind_force_9pm,110,285333,2473,2368
343,Kinogumissee,America/Thunder_Bay,0,1863-03-08 21:00:00,1863-03-08 21:00:00,4,Sm,wind_force_9pm,110,285334,2473,2368
344,Kinogumissee,America/Thunder_Bay,0,1863-03-09 21:00:00,1863-03-09 21:00:00,90,Sm,wind_force_9pm,110,285335,2473,2368
345,Kinogumissee,America/Thunder_Bay,0,1863-03-10 21:00:00,1863-03-10 21:00:00,90,Sm,wind_force_9pm,110,285336,2473,2368
346,Kinogumissee,America/Thunder_Bay,0,1863-03-11 21:00:00,1863-03-11 21:00:00,4,Sm,wind_force_9pm,110,285337,2473,2368
347,Kinogumissee,America/Thunder_Bay,0,1863-03-12 21:00:00,1863-03-12 21:00:00,12,Sm,wind_force_9pm,110,285338,2473,2368
348,Kinogumissee,America/Thunder_Bay,0,1863-03-13 21:00:00,1863-03-13 21:00:00,4,Sm,wind_force_9pm,110,285339,2473,2368
349,Kinogumissee,America/Thunder_Bay,0,1863-03-14 21:00:00,1863-03-14 21:00:00,12,Sm,wind_force_9pm,110,285340,2473,2368
350,Kinogumissee,America/Thunder_Bay,0,1863-03-15 21:00:00,1863-03-15 21:00:00,2,Sm,wind_force_9pm,110,285341,2473,2368
351,Kinogumissee,America/Thunder_Bay,0,1863-03-16 21:00:00,1863-03-16 21:00:00,0,Sm,wind_force_9pm,110,285342,2473,2368
352,Kinogumissee,America/Thunder_Bay,0,1863-03-17 21:00:00,1863-03-17 21:00:00,2,Sm,wind_force_9pm,110,285343,2473,2368
353,Kinogumissee,America/Thunder_Bay,0,1863-03-18 21:00:00,1863-03-18 21:00:00,4,Sm,wind_force_9pm,110,285344,2473,2368
354,Kinogumissee,America/Thunder_Bay,0,1863-03-19 21:00:00,1863-03-19 21:00:00,0,Sm,wind_force_9pm,110,285345,2473,2368
355,Kinogumissee,America/Thunder_Bay,0,1863-03-20 21:00:00,1863-03-20 21:00:00,2,Sm,wind_force_9pm,110,285346,2473,2368
356,Kinogumissee,America/Thunder_Bay,0,1863-03-21 21:00:00,1863-03-21 21:00:00,12,Sm,wind_force_9pm,110,285347,2473,2368
357,Kinogumissee,America/Thunder_Bay,0,1863-03-22 21:00:00,1863-03-22 21:00:00,25,Sm,wind_force_9pm,110,285348,2473,2368
358,Kinogumissee,America/Thunder_Bay,0,1863-03-23 21:00:00,1863-03-23 21:00:00,35,Sm,wind_force_9pm,110,285349,2473,2368
359,Kinogumissee,America/Thunder_Bay,0,1863-03-24 21:00:00,1863-03-24 21:00:00,4,Sm,wind_force_9pm,110,285350,2473,2368
360,Kinogumissee,America/Thunder_Bay,0,1863-03-25 21:00:00,1863-03-25 21:00:00,75,Sm,wind_force_9pm,110,285351,2473,2368
361,Kinogumissee,America/Thunder_Bay,0,1863-03-26 21:00:00,1863-03-26 21:00:00,2,Sm,wind_force_9pm,110,285352,2473,2368
362,Kinogumissee,America/Thunder_Bay,0,1863-03-27 21:00:00,1863-03-27 21:00:00,25,Sm,wind_force_9pm,110,285353,2473,2368
363,Kinogumissee,America/Thunder_Bay,0,1863-03-28 21:00:00,1863-03-28 21:00:00,45,Sm,wind_force_9pm,110,285354,2473,2368
364,Kinogumissee,America/Thunder_Bay,0,1863-03-29 21:00:00,1863-03-29 21:00:00,4,Sm,wind_force_9pm,110,285355,2473,2368
365,Kinogumissee,America/Thunder_Bay,0,1863-03-30 21:00:00,1863-03-30 21:00:00,4,Sm,wind_force_9pm,110,285357,2473,2368
366,Kinogumissee,America/Thunder_Bay,0,1863-03-31 21:00:00,1863-03-31 21:00:00,12,Sm,wind_force_9pm,110,285358,2473,2368
367,Kinogumissee,America/Thunder_Bay,0,1863-04-01 21:00:00,1863-04-01 21:00:00,3,Sm,wind_force_9pm,110,284435,2481,2370
368,Kinogumissee,America/Thunder_Bay,0,1863-04-02 21:00:00,1863-04-02 21:00:00,2,Sm,wind_force_9pm,110,284434,2481,2370
369,Kinogumissee,America/Thunder_Bay,0,1863-04-03 21:00:00,1863-04-03 21:00:00,1,Sm,wind_force_9pm,110,284433,2481,2370
370,Kinogumissee,America/Thunder_Bay,0,1863-04-04 21:00:00,1863-04-04 21:00:00,2,Sm,wind_force_9pm,110,284432,2481,2370
371,Kinogumissee,America/Thunder_Bay,0,1863-04-05 21:00:00,1863-04-05 21:00:00,8,Sm,wind_force_9pm,110,284431,2481,2370
372,Kinogumissee,America/Thunder_Bay,0,1863-04-06 21:00:00,1863-04-06 21:00:00,9,Sm,wind_force_9pm,110,284430,2481,2370
373,Kinogumissee,America/Thunder_Bay,0,1863-04-07 21:00:00,1863-04-07 21:00:00,3,Sm,wind_force_9pm,110,284429,2481,2370
374,Kinogumissee,America/Thunder_Bay,0,1863-04-08 21:00:00,1863-04-08 21:00:00,1,Sm,wind_force_9pm,110,284428,2481,2370
375,Kinogumissee,America/Thunder_Bay,0,1863-04-09 21:00:00,1863-04-09 21:00:00,3,Sm,wind_force_9pm,110,284427,2481,2370
376,Kinogumissee,America/Thunder_Bay,0,1863-04-10 21:00:00,1863-04-10 21:00:00,1,Sm,wind_force_9pm,110,284426,2481,2370
377,Kinogumissee,America/Thunder_Bay,0,1863-04-11 21:00:00,1863-04-11 21:00:00,5,Sm,wind_force_9pm,110,284425,2481,2370
378,Kinogumissee,America/Thunder_Bay,0,1863-04-12 21:00:00,1863-04-12 21:00:00,1,Sm,wind_force_9pm,110,284424,2481,2370
379,Kinogumissee,America/Thunder_Bay,0,1863-04-13 21:00:00,1863-04-13 21:00:00,2,Sm,wind_force_9pm,110,284423,2481,2370
380,Kinogumissee,America/Thunder_Bay,0,1863-04-14 21:00:00,1863-04-14 21:00:00,1,Sm,wind_force_9pm,110,284422,2481,2370
381,Kinogumissee,America/Thunder_Bay,0,1863-04-15 21:00:00,1863-04-15 21:00:00,2,Sm,wind_force_9pm,110,284421,2481,2370
382,Kinogumissee,America/Thunder_Bay,0,1863-04-16 21:00:00,1863-04-16 21:00:00,1,Sm,wind_force_9pm,110,284420,2481,2370
383,Kinogumissee,America/Thunder_Bay,0,1863-04-17 21:00:00,1863-04-17 21:00:00,3,Sm,wind_force_9pm,110,284419,2481,2370
384,Kinogumissee,America/Thunder_Bay,0,1863-04-18 21:00:00,1863-04-18 21:00:00,2,Sm,wind_force_9pm,110,284418,2481,2370
385,Kinogumissee,America/Thunder_Bay,0,1863-04-19 21:00:00,1863-04-19 21:00:00,4,Sm,wind_force_9pm,110,284417,2481,2370
386,Kinogumissee,America/Thunder_Bay,0,1863-04-20 21:00:00,1863-04-20 21:00:00,1,Sm,wind_force_9pm,110,284416,2481,2370
387,Kinogumissee,America/Thunder_Bay,0,1863-04-21 21:00:00,1863-04-21 21:00:00,2,Sm,wind_force_9pm,110,284415,2481,2370
388,Kinogumissee,America/Thunder_Bay,0,1863-04-22 21:00:00,1863-04-22 21:00:00,1,Sm,wind_force_9pm,110,284414,2481,2370
389,Kinogumissee,America/Thunder_Bay,0,1863-04-23 21:00:00,1863-04-23 21:00:00,1,Sm,wind_force_9pm,110,284413,2481,2370
390,Kinogumissee,America/Thunder_Bay,0,1863-04-24 21:00:00,1863-04-24 21:00:00,5,Sm,wind_force_9pm,110,284412,2481,2370
391,Kinogumissee,America/Thunder_Bay,0,1863-04-25 21:00:00,1863-04-25 21:00:00,1,Sm,wind_force_9pm,110,284411,2481,2370
392,Kinogumissee,America/Thunder_Bay,0,1863-04-26 21:00:00,1863-04-26 21:00:00,1,Sm,wind_force_9pm,110,284410,2481,2370
393,Kinogumissee,America/Thunder_Bay,0,1863-04-27 21:00:00,1863-04-27 21:00:00,6,Sm,wind_force_9pm,110,284409,2481,2370
394,Kinogumissee,America/Thunder_Bay,0,1863-04-28 21:00:00,1863-04-28 21:00:00,1,Sm,wind_force_9pm,110,284408,2481,2370
395,Kinogumissee,America/Thunder_Bay,0,1863-04-29 21:00:00,1863-04-29 21:00:00,5,Sm,wind_force_9pm,110,284407,2481,2370
396,Kinogumissee,America/Thunder_Bay,0,1863-04-30 21:00:00,1863-04-30 21:00:00,2,Sm,wind_force_9pm,110,284406,2481,2370
397,Kinogumissee,America/Thunder_Bay,0,1863-03-01 21:00:00,1863-03-01 21:00:00,21,F,open_air_thermometer_9pm,97,284547,2473,2368
398,Kinogumissee,America/Thunder_Bay,0,1863-03-02 21:00:00,1863-03-02 21:00:00,-10,F,open_air_thermometer_9pm,97,284548,2473,2368
399,Kinogumissee,America/Thunder_Bay,0,1863-03-03 21:00:00,1863-03-03 21:00:00,-19,F,open_air_thermometer_9pm,97,284549,2473,2368
400,Kinogumissee,America/Thunder_Bay,0,1863-03-04 21:00:00,1863-03-04 21:00:00,-23,F,open_air_thermometer_9pm,97,284550,2473,2368
401,Kinogumissee,America/Thunder_Bay,0,1863-03-05 21:00:00,1863-03-05 21:00:00,23,F,open_air_thermometer_9pm,97,284551,2473,2368
402,Kinogumissee,America/Thunder_Bay,0,1863-03-06 21:00:00,1863-03-06 21:00:00,7,F,open_air_thermometer_9pm,97,284552,2473,2368
403,Kinogumissee,America/Thunder_Bay,0,1863-03-07 21:00:00,1863-03-07 21:00:00,-9,F,open_air_thermometer_9pm,97,284553,2473,2368
404,Kinogumissee,America/Thunder_Bay,0,1863-03-08 21:00:00,1863-03-08 21:00:00,21,F,open_air_thermometer_9pm,97,284554,2473,2368
405,Kinogumissee,America/Thunder_Bay,0,1863-03-09 21:00:00,1863-03-09 21:00:00,4,F,open_air_thermometer_9pm,97,284555,2473,2368
406,Kinogumissee,America/Thunder_Bay,0,1863-03-10 21:00:00,1863-03-10 21:00:00,15,F,open_air_thermometer_9pm,97,284556,2473,2368
407,Kinogumissee,America/Thunder_Bay,0,1863-03-11 21:00:00,1863-03-11 21:00:00,-19,F,open_air_thermometer_9pm,97,284557,2473,2368
408,Kinogumissee,America/Thunder_Bay,0,1863-03-12 21:00:00,1863-03-12 21:00:00,-10,F,open_air_thermometer_9pm,97,284558,2473,2368
409,Kinogumissee,America/Thunder_Bay,0,1863-03-13 21:00:00,1863-03-13 21:00:00,-2,F,open_air_thermometer_9pm,97,284559,2473,2368
410,Kinogumissee,America/Thunder_Bay,0,1863-03-14 21:00:00,1863-03-14 21:00:00,-9,F,open_air_thermometer_9pm,97,284560,2473,2368
411,Kinogumissee,America/Thunder_Bay,0,1863-03-15 21:00:00,1863-03-15 21:00:00,14,F,open_air_thermometer_9pm,97,284561,2473,2368
412,Kinogumissee,America/Thunder_Bay,0,1863-03-16 21:00:00,1863-03-16 21:00:00,28,F,open_air_thermometer_9pm,97,284562,2473,2368
413,Kinogumissee,America/Thunder_Bay,0,1863-03-17 21:00:00,1863-03-17 21:00:00,-2,F,open_air_thermometer_9pm,97,284563,2473,2368
414,Kinogumissee,America/Thunder_Bay,0,1863-03-18 21:00:00,1863-03-18 21:00:00,-8,F,open_air_thermometer_9pm,97,284564,2473,2368
415,Kinogumissee,America/Thunder_Bay,0,1863-03-19 21:00:00,1863-03-19 21:00:00,7,F,open_air_thermometer_9pm,97,284565,2473,2368
416,Kinogumissee,America/Thunder_Bay,0,1863-03-20 21:00:00,1863-03-20 21:00:00,10,F,open_air_thermometer_9pm,97,284566,2473,2368
417,Kinogumissee,America/Thunder_Bay,0,1863-03-21 21:00:00,1863-03-21 21:00:00,25,F,open_air_thermometer_9pm,97,284567,2473,2368
418,Kinogumissee,America/Thunder_Bay,0,1863-03-22 21:00:00,1863-03-22 21:00:00,29,F,open_air_thermometer_9pm,97,284568,2473,2368
419,Kinogumissee,America/Thunder_Bay,0,1863-03-23 21:00:00,1863-03-23 21:00:00,33,F,open_air_thermometer_9pm,97,284569,2473,2368
420,Kinogumissee,America/Thunder_Bay,0,1863-03-24 21:00:00,1863-03-24 21:00:00,33,F,open_air_thermometer_9pm,97,284570,2473,2368
421,Kinogumissee,America/Thunder_Bay,0,1863-03-25 21:00:00,1863-03-25 21:00:00,-888,F,open_air_thermometer_9pm,97,284571,2473,2368
422,Kinogumissee,America/Thunder_Bay,0,1863-03-26 21:00:00,1863-03-26 21:00:00,-888,F,open_air_thermometer_9pm,97,284572,2473,2368
423,Kinogumissee,America/Thunder_Bay,0,1863-03-27 21:00:00,1863-03-27 21:00:00,27,F,open_air_thermometer_9pm,97,284573,2473,2368
424,Kinogumissee,America/Thunder_Bay,0,1863-03-28 21:00:00,1863-03-28 21:00:00,6,F,open_air_thermometer_9pm,97,284574,2473,2368
425,Kinogumissee,America/Thunder_Bay,0,1863-03-29 21:00:00,1863-03-29 21:00:00,3,F,open_air_thermometer_9pm,97,284575,2473,2368
426,Kinogumissee,America/Thunder_Bay,0,1863-03-30 21:00:00,1863-03-30 21:00:00,29,F,open_air_thermometer_9pm,97,284576,2473,2368
427,Kinogumissee,America/Thunder_Bay,0,1863-03-31 21:00:00,1863-03-31 21:00:00,-7,F,open_air_thermometer_9pm,97,284577,2473,2368
428,Kinogumissee,America/Thunder_Bay,0,1863-04-01 21:00:00,1863-04-01 21:00:00,20,F,open_air_thermometer_9pm,97,284130,2481,2370
429,Kinogumissee,America/Thunder_Bay,0,1863-04-02 21:00:00,1863-04-02 21:00:00,20,F,open_air_thermometer_9pm,97,284132,2481,2370
430,Kinogumissee,America/Thunder_Bay,0,1863-04-03 21:00:00,1863-04-03 21:00:00,1,F,open_air_thermometer_9pm,97,284134,2481,2370
431,Kinogumissee,America/Thunder_Bay,0,1863-04-04 21:00:00,1863-04-04 21:00:00,29,F,open_air_thermometer_9pm,97,284136,2481,2370
432,Kinogumissee,America/Thunder_Bay,0,1863-04-05 21:00:00,1863-04-05 21:00:00,30,F,open_air_thermometer_9pm,97,284137,2481,2370
433,Kinogumissee,America/Thunder_Bay,0,1863-04-06 21:00:00,1863-04-06 21:00:00,17,F,open_air_thermometer_9pm,97,284141,2481,2370
434,Kinogumissee,America/Thunder_Bay,0,1863-04-07 21:00:00,1863-04-07 21:00:00,19,F,open_air_thermometer_9pm,97,284170,2480,2370
435,Kinogumissee,America/Thunder_Bay,0,1863-04-08 21:00:00,1863-04-08 21:00:00,22,F,open_air_thermometer_9pm,97,284182,2480,2370
436,Kinogumissee,America/Thunder_Bay,0,1863-04-09 21:00:00,1863-04-09 21:00:00,40,F,open_air_thermometer_9pm,97,284191,2480,2370
437,Kinogumissee,America/Thunder_Bay,0,1863-04-10 21:00:00,1863-04-10 21:00:00,37,F,open_air_thermometer_9pm,97,284195,2480,2370
438,Kinogumissee,America/Thunder_Bay,0,1863-04-11 21:00:00,1863-04-11 21:00:00,26,F,open_air_thermometer_9pm,97,284205,2480,2370
439,Kinogumissee,America/Thunder_Bay,0,1863-04-12 21:00:00,1863-04-12 21:00:00,19,F,open_air_thermometer_9pm,97,284211,2480,2370
440,Kinogumissee,America/Thunder_Bay,0,1863-04-13 21:00:00,1863-04-13 21:00:00,39,F,open_air_thermometer_9pm,97,284217,2480,2370
441,Kinogumissee,America/Thunder_Bay,0,1863-04-14 21:00:00,1863-04-14 21:00:00,36,F,open_air_thermometer_9pm,97,284223,2480,2370
442,Kinogumissee,America/Thunder_Bay,0,1863-04-15 21:00:00,1863-04-15 21:00:00,38,F,open_air_thermometer_9pm,97,284229,2480,2370
443,Kinogumissee,America/Thunder_Bay,0,1863-04-16 21:00:00,1863-04-16 21:00:00,39,F,open_air_thermometer_9pm,97,284235,2480,2370
444,Kinogumissee,America/Thunder_Bay,0,1863-04-17 21:00:00,1863-04-17 21:00:00,42,F,open_air_thermometer_9pm,97,284241,2480,2370
445,Kinogumissee,America/Thunder_Bay,0,1863-04-18 21:00:00,1863-04-18 21:00:00,42,F,open_air_thermometer_9pm,97,284247,2480,2370
446,Kinogumissee,America/Thunder_Bay,0,1863-04-19 21:00:00,1863-04-19 21:00:00,41,F,open_air_thermometer_9pm,97,284253,2480,2370
447,Kinogumissee,America/Thunder_Bay,0,1863-04-20 21:00:00,1863-04-20 21:00:00,43,F,open_air_thermometer_9pm,97,284259,2480,2370
448,Kinogumissee,America/Thunder_Bay,0,1863-04-21 21:00:00,1863-04-21 21:00:00,38,F,open_air_thermometer_9pm,97,284266,2480,2370
449,Kinogumissee,America/Thunder_Bay,0,1863-04-22 21:00:00,1863-04-22 21:00:00,43,F,open_air_thermometer_9pm,97,284280,2480,2370
450,Kinogumissee,America/Thunder_Bay,0,1863-04-23 21:00:00,1863-04-23 21:00:00,42,F,open_air_thermometer_9pm,97,284299,2480,2370
451,Kinogumissee,America/Thunder_Bay,0,1863-04-24 21:00:00,1863-04-24 21:00:00,31,F,open_air_thermometer_9pm,97,284320,2480,2370
452,Kinogumissee,America/Thunder_Bay,0,1863-04-25 21:00:00,1863-04-25 21:00:00,35,F,open_air_thermometer_9pm,97,284332,2480,2370
453,Kinogumissee,America/Thunder_Bay,0,1863-04-26 21:00:00,1863-04-26 21:00:00,43,F,open_air_thermometer_9pm,97,284352,2480,2370
454,Kinogumissee,America/Thunder_Bay,0,1863-04-27 21:00:00,1863-04-27 21:00:00,41,F,open_air_thermometer_9pm,97,284364,2480,2370
455,Kinogumissee,America/Thunder_Bay,0,1863-04-28 21:00:00,1863-04-28 21:00:00,31,F,open_air_thermometer_9pm,97,284371,2480,2370
456,Kinogumissee,America/Thunder_Bay,0,1863-04-29 21:00:00,1863-04-29 21:00:00,42,F,open_air_thermometer_9pm,97,284384,2480,2370
457,Kinogumissee,America/Thunder_Bay,0,1863-04-30 21:00:00,1863-04-30 21:00:00,45,F,open_air_thermometer_9pm,97,284400,2480,2370
